<?xml version="1.0" encoding="utf-8" ?>
<helpItems xmlns="http://msh" schema="maml">
<!-- v 1.3.0.36 -->
<command:command xmlns:maml="http://schemas.microsoft.com/maml/2004/10" xmlns:command="http://schemas.microsoft.com/maml/dev/command/2004/10" xmlns:dev="http://schemas.microsoft.com/maml/dev/2004/10">
	<command:details>
		<command:name>
                   Get-PAMRequestForReview
		</command:name>
		<maml:description>
			<maml:para>Retrieves PAM activation requests for this user from the MIM Service.</maml:para>
		</maml:description>
		<maml:copyright>
			<maml:para></maml:para>
		</maml:copyright>
		<command:verb>Get</command:verb>
		<command:noun>PAMRequestForReview</command:noun>
		<dev:version></dev:version>
	</command:details>
	<maml:description>
		<maml:para>This cmdlet returns an object for each PAM activation request which was generated by an earlier call to New-PAMRequest.  </maml:para>
	</maml:description>
	<!-- Cmdlet syntax section-->
	<command:syntax>
		<command:syntaxItem>
			<maml:name>Get-PAMRequestForReview</maml:name>
			<command:parameter required="false" variableLength="false" globbing="false" pipelineInput="false" position="2">
				<maml:name>Active</maml:name>
				<maml:description>
					<maml:para>Return activation requests which are currently active.</maml:para>
				</maml:description>
			</command:parameter>
			<command:parameter required="false" variableLength="false" globbing="false" pipelineInput="false" position="3">
				<maml:name>Expired</maml:name>
				<maml:description>
					<maml:para>Return expired requests.</maml:para>
				</maml:description>
			</command:parameter>
			<command:parameter required="false" variableLength="false" globbing="false" pipelineInput="false" position="4">
				<maml:name>Rejected</maml:name>
				<maml:description>
					<maml:para>Return rejected requests.</maml:para>
				</maml:description>
			</command:parameter>
			<command:parameter required="false" variableLength="false" globbing="false" pipelineInput="false" position="5">
				<maml:name>Pending</maml:name>
				<maml:description>
					<maml:para>Return pending requests.</maml:para>
				</maml:description>
			</command:parameter>
			<command:parameter required="false" variableLength="false" globbing="false" pipelineInput="false" position="7">
				<maml:name>Closed</maml:name>
				<maml:description>
					<maml:para>Return closed requests.</maml:para>
				</maml:description>
			</command:parameter>
			<command:parameter required="false" variableLength="false" globbing="false" pipelineInput="false" position="8">
				<maml:name>All</maml:name>
				<maml:description>
					<maml:para>Return all requests.</maml:para>
				</maml:description>
			</command:parameter>
			<command:parameter required="false" variableLength="false" globbing="false" pipelineInput="false" position="9">
				<maml:name>Filter</maml:name>
				<maml:description>
					<maml:para>Filter clause for searching the MIM Service.</maml:para>
				</maml:description>
				<command:parameterValue required="true" variableLength="false">string</command:parameterValue>
			</command:parameter>
		</command:syntaxItem>
	</command:syntax>
	<!-- Cmdlet parameter section  -->
	<command:parameters>
		<command:parameter required="false" variableLength="false" globbing="false" pipelineInput="false" position="2">
			<maml:name>Active</maml:name>
			<maml:description>
				<maml:para>Return activation requests which are currently active.</maml:para>
								
			</maml:description>
			<command:parameterValue required="false" variableLength="false">SwitchParameter</command:parameterValue>
			<dev:type>
				<maml:name>SwitchParameter</maml:name>
				<maml:uri/>
			</dev:type>
			<dev:defaultValue></dev:defaultValue>
		</command:parameter>
		<command:parameter required="false" variableLength="false" globbing="false" pipelineInput="false" position="8">
			<maml:name>All</maml:name>
			<maml:description>
				<maml:para>Return all requests.</maml:para>
								
			</maml:description>
			<command:parameterValue required="false" variableLength="false">SwitchParameter</command:parameterValue>
			<dev:type>
				<maml:name>SwitchParameter</maml:name>
				<maml:uri/>
			</dev:type>
			<dev:defaultValue></dev:defaultValue>
		</command:parameter>
		<command:parameter required="false" variableLength="false" globbing="false" pipelineInput="false" position="7">
			<maml:name>Closed</maml:name>
			<maml:description>
				<maml:para>Return closed requests.</maml:para>
								
			</maml:description>
			<command:parameterValue required="false" variableLength="false">SwitchParameter</command:parameterValue>
			<dev:type>
				<maml:name>SwitchParameter</maml:name>
				<maml:uri/>
			</dev:type>
			<dev:defaultValue></dev:defaultValue>
		</command:parameter>
		<command:parameter required="false" variableLength="false" globbing="false" pipelineInput="false" position="3">
			<maml:name>Expired</maml:name>
			<maml:description>
				<maml:para>Return expired requests.</maml:para>
								
			</maml:description>
			<command:parameterValue required="false" variableLength="false">SwitchParameter</command:parameterValue>
			<dev:type>
				<maml:name>SwitchParameter</maml:name>
				<maml:uri/>
			</dev:type>
			<dev:defaultValue></dev:defaultValue>
		</command:parameter>
		<command:parameter required="false" variableLength="false" globbing="false" pipelineInput="false" position="9">
			<maml:name>Filter</maml:name>
			<maml:description>
				<maml:para>Filter clause for searching the MIM Service.</maml:para>
								
			</maml:description>
			<command:parameterValue required="true" variableLength="false">string</command:parameterValue>
			<dev:type>
				<maml:name>string</maml:name>
				<maml:uri/>
			</dev:type>
			<dev:defaultValue></dev:defaultValue>
		</command:parameter>
		<command:parameter required="false" variableLength="false" globbing="false" pipelineInput="false" position="5">
			<maml:name>Pending</maml:name>
			<maml:description>
				<maml:para>Return pending requests.</maml:para>
								
			</maml:description>
			<command:parameterValue required="false" variableLength="false">SwitchParameter</command:parameterValue>
			<dev:type>
				<maml:name>SwitchParameter</maml:name>
				<maml:uri/>
			</dev:type>
			<dev:defaultValue></dev:defaultValue>
		</command:parameter>
		<command:parameter required="false" variableLength="false" globbing="false" pipelineInput="false" position="4">
			<maml:name>Rejected</maml:name>
			<maml:description>
				<maml:para>Return rejected requests.</maml:para>
								
			</maml:description>
			<command:parameterValue required="false" variableLength="false">SwitchParameter</command:parameterValue>
			<dev:type>
				<maml:name>SwitchParameter</maml:name>
				<maml:uri/>
			</dev:type>
			<dev:defaultValue></dev:defaultValue>
		</command:parameter>
	</command:parameters>
	<!-- Input - Output section-->
	<command:inputTypes>
		<command:inputType>
			<dev:type>
				<maml:name></maml:name>
				<maml:uri/>
				<maml:description />
			</dev:type>
			<maml:description>
				<maml:para>
					<!-- description  -->
					
				</maml:para>
			</maml:description>
		</command:inputType>
	</command:inputTypes>
	<command:returnValues>
		<command:returnValue>
			<dev:type>
				<maml:name>Microsoft.IdentityManagement.PamCmdlets.Model.PAMRequest</maml:name>
				<maml:uri />
				<maml:description />
			</dev:type>   
			<maml:description>
				<maml:para>
					<!-- description  -->
					Zero or more PAM request objects.
				</maml:para>
			</maml:description> 
		</command:returnValue>
	</command:returnValues>
	<!-- Error section-->
	<command:terminatingErrors />
	<command:nonTerminatingErrors />
		<!-- Notes section  -->
	<maml:alertSet>
		<maml:title></maml:title>
		<maml:alert>
			<maml:para>
                          
                        </maml:para>
		</maml:alert>
		<maml:alert>
			<maml:para></maml:para>
		</maml:alert>
	</maml:alertSet>
	<!-- Example section  --> 
	<command:examples>

		<command:example>
			<maml:title>
				-------------------------- EXAMPLE 1 --------------------------
			</maml:title> 
			<maml:introduction>
				<maml:para>PS C:\&gt; </maml:para>
			</maml:introduction> 
  			<dev:code>
Get-PAMRequestForReview -Active                        </dev:code>
       			<dev:remarks>
                                <maml:para>Description</maml:para>
                                <maml:para>-----------</maml:para>
  			        <maml:para>This command returns request the user made earlier that are still active.</maml:para>
	                        <maml:para></maml:para>
	                        <maml:para></maml:para>
	                        <maml:para></maml:para>
	                        <maml:para></maml:para>
  			</dev:remarks>
			<command:commandLines>
				<command:commandLine>
					<command:commandText></command:commandText>
				</command:commandLine>
			</command:commandLines>
		</command:example>
	</command:examples>
	<!-- Link section  -->
	<maml:relatedLinks>
		<maml:navigationLink>
			<maml:linkText></maml:linkText>
			<maml:uri/>
		</maml:navigationLink>
	</maml:relatedLinks>
</command:command>

<!-- v 1.3.0.36 -->
<command:command xmlns:maml="http://schemas.microsoft.com/maml/2004/10" xmlns:command="http://schemas.microsoft.com/maml/dev/command/2004/10" xmlns:dev="http://schemas.microsoft.com/maml/dev/2004/10">
	<command:details>
		<command:name>
                   Get-PAMRequestToApprove
		</command:name>
		<maml:description>
			<maml:para>Retrieves from the MIM Service the PAM activation requests from another user that are pending approval.</maml:para>
		</maml:description>
		<maml:copyright>
			<maml:para></maml:para>
		</maml:copyright>
		<command:verb>Get</command:verb>
		<command:noun>PAMRequestToApprove</command:noun>
		<dev:version></dev:version>
	</command:details>
	<maml:description>
		<maml:para>If the user is a role owner, then this cmdlet returns any requests from other users that are currently pending approval for activation for that role.  The objects returned from this cmdlet are provided to Set-PAMRequestToApprove to approve or reject the request.</maml:para>
	</maml:description>
	<!-- Cmdlet syntax section-->
	<command:syntax>
	</command:syntax>
	<!-- Cmdlet parameter section  -->
	<command:parameters>
	</command:parameters>
	<!-- Input - Output section-->
	<command:inputTypes>
		<command:inputType>
			<dev:type>
				<maml:name></maml:name>
				<maml:uri/>
				<maml:description />
			</dev:type>
			<maml:description>
				<maml:para>
					<!-- description  -->
					
				</maml:para>
			</maml:description>
		</command:inputType>
	</command:inputTypes>
	<command:returnValues>
		<command:returnValue>
			<dev:type>
				<maml:name>Microsoft.IdentityManagement.PamCmdlets.Model.PAMRequestToApprove</maml:name>
				<maml:uri />
				<maml:description />
			</dev:type>   
			<maml:description>
				<maml:para>
					<!-- description  -->
					Zero or more PAM request objects that are pending approval.
				</maml:para>
			</maml:description> 
		</command:returnValue>
	</command:returnValues>
	<!-- Error section-->
	<command:terminatingErrors />
	<command:nonTerminatingErrors />
		<!-- Notes section  -->
	<maml:alertSet>
		<maml:title></maml:title>
		<maml:alert>
			<maml:para>
                          
                        </maml:para>
		</maml:alert>
		<maml:alert>
			<maml:para></maml:para>
		</maml:alert>
	</maml:alertSet>
	<!-- Example section  --> 
	<command:examples>

		<command:example>
			<maml:title>
				-------------------------- EXAMPLE 1 --------------------------
			</maml:title> 
			<maml:introduction>
				<maml:para>PS C:\&gt; </maml:para>
			</maml:introduction> 
  			<dev:code>
$r = Get-PAMRequestToApprove                        </dev:code>
       			<dev:remarks>
                                <maml:para>Description</maml:para>
                                <maml:para>-----------</maml:para>
  			        <maml:para>This command returns requests other users made earlier that are pending approval.</maml:para>
	                        <maml:para></maml:para>
	                        <maml:para></maml:para>
	                        <maml:para></maml:para>
	                        <maml:para></maml:para>
  			</dev:remarks>
			<command:commandLines>
				<command:commandLine>
					<command:commandText></command:commandText>
				</command:commandLine>
			</command:commandLines>
		</command:example>
	</command:examples>
	<!-- Link section  -->
	<maml:relatedLinks>
		<maml:navigationLink>
			<maml:linkText></maml:linkText>
			<maml:uri/>
		</maml:navigationLink>
	</maml:relatedLinks>
</command:command>

<!-- v 1.3.0.36 -->
<command:command xmlns:maml="http://schemas.microsoft.com/maml/2004/10" xmlns:command="http://schemas.microsoft.com/maml/dev/command/2004/10" xmlns:dev="http://schemas.microsoft.com/maml/dev/2004/10">
	<command:details>
		<command:name>
                   Set-PAMRequestToApprove
		</command:name>
		<maml:description>
			<maml:para>Updates a PAM activation request in the MIM Service that is pending approval.</maml:para>
		</maml:description>
		<maml:copyright>
			<maml:para></maml:para>
		</maml:copyright>
		<command:verb>Set</command:verb>
		<command:noun>PAMRequestToApprove</command:noun>
		<dev:version></dev:version>
	</command:details>
	<maml:description>
		<maml:para>If an activation request is pending approval, at least one of the role owners must invoke Set-PAMRequestToApprove for that request and specify to Approve, for that request to proceed.  The value of the Request parameter is returned by an earlier call to Get-PAMRequestToApprove.  Rejecting an activation request prevents MIM Service from adding the user into security groups.
</maml:para>
	</maml:description>
	<!-- Cmdlet syntax section-->
	<command:syntax>
		<command:syntaxItem>
			<maml:name>Set-PAMRequestToApprove</maml:name>
			<command:parameter required="true" variableLength="false" globbing="false" pipelineInput="false" position="1">
				<maml:name>Request</maml:name>
				<maml:description>
					<maml:para>Request returned by Get-PAMRequestToApprove.</maml:para>
				</maml:description>
				<command:parameterValue required="true" variableLength="false">PAMRequestToApprove</command:parameterValue>
			</command:parameter>
			<command:parameter required="true" variableLength="false" globbing="false" pipelineInput="false" position="2">
				<maml:name>Approve</maml:name>
				<maml:description>
					<maml:para>Approving an activation request allows the request to proceed.</maml:para>
				</maml:description>
			</command:parameter>
		</command:syntaxItem>
		<command:syntaxItem>
			<maml:name>Set-PAMRequestToApprove</maml:name>
			<command:parameter required="true" variableLength="false" globbing="false" pipelineInput="false" position="1">
				<maml:name>Request</maml:name>
				<maml:description>
					<maml:para>Request returned by Get-PAMRequestToApprove.</maml:para>
				</maml:description>
				<command:parameterValue required="true" variableLength="false">PAMRequestToApprove</command:parameterValue>
			</command:parameter>
			<command:parameter required="true" variableLength="false" globbing="false" pipelineInput="false" position="3">
				<maml:name>Reject</maml:name>
				<maml:description>
					<maml:para>Rejecting a request prevents its from proceeding.</maml:para>
				</maml:description>
			</command:parameter>
		</command:syntaxItem>
	</command:syntax>
	<!-- Cmdlet parameter section  -->
	<command:parameters>
		<command:parameter required="true" variableLength="false" globbing="false" pipelineInput="false" position="2">
			<maml:name>Approve</maml:name>
			<maml:description>
				<maml:para>Approving an activation request allows the request to proceed.</maml:para>
								
			</maml:description>
			<command:parameterValue required="false" variableLength="false">SwitchParameter</command:parameterValue>
			<dev:type>
				<maml:name>SwitchParameter</maml:name>
				<maml:uri/>
			</dev:type>
			<dev:defaultValue></dev:defaultValue>
		</command:parameter>
		<command:parameter required="true" variableLength="false" globbing="false" pipelineInput="false" position="3">
			<maml:name>Reject</maml:name>
			<maml:description>
				<maml:para>Rejecting a request prevents its from proceeding.</maml:para>
								
			</maml:description>
			<command:parameterValue required="false" variableLength="false">SwitchParameter</command:parameterValue>
			<dev:type>
				<maml:name>SwitchParameter</maml:name>
				<maml:uri/>
			</dev:type>
			<dev:defaultValue></dev:defaultValue>
		</command:parameter>
		<command:parameter required="true" variableLength="false" globbing="false" pipelineInput="false" position="1">
			<maml:name>Request</maml:name>
			<maml:description>
				<maml:para>Request returned by Get-PAMRequestToApprove.</maml:para>
								
			</maml:description>
			<command:parameterValue required="true" variableLength="false">PAMRequestToApprove</command:parameterValue>
			<dev:type>
				<maml:name>PAMRequestToApprove</maml:name>
				<maml:uri/>
			</dev:type>
			<dev:defaultValue></dev:defaultValue>
		</command:parameter>
	</command:parameters>
	<!-- Input - Output section-->
	<command:inputTypes>
		<command:inputType>
			<dev:type>
				<maml:name></maml:name>
				<maml:uri/>
				<maml:description />
			</dev:type>
			<maml:description>
				<maml:para>
					<!-- description  -->
					
				</maml:para>
			</maml:description>
		</command:inputType>
	</command:inputTypes>
	<command:returnValues>
		<command:returnValue>
			<dev:type>
				<maml:name></maml:name>
				<maml:uri />
				<maml:description />
			</dev:type>   
			<maml:description>
				<maml:para>
					<!-- description  -->
					
				</maml:para>
			</maml:description> 
		</command:returnValue>
	</command:returnValues>
	<!-- Error section-->
	<command:terminatingErrors />
	<command:nonTerminatingErrors />
		<!-- Notes section  -->
	<maml:alertSet>
		<maml:title></maml:title>
		<maml:alert>
			<maml:para>
                          
                        </maml:para>
		</maml:alert>
		<maml:alert>
			<maml:para></maml:para>
		</maml:alert>
	</maml:alertSet>
	<!-- Example section  --> 
	<command:examples>

		<command:example>
			<maml:title>
				-------------------------- EXAMPLE 1 --------------------------
			</maml:title> 
			<maml:introduction>
				<maml:para>PS C:\&gt; </maml:para>
			</maml:introduction> 
  			<dev:code>
$ra = Get-PAMRequestToApprove ; foreach ($request in $ra) {Set-PAMRequestToApprove -Request $request -Reject}                        </dev:code>
       			<dev:remarks>
                                <maml:para>Description</maml:para>
                                <maml:para>-----------</maml:para>
  			        <maml:para>This command rejects the requests other users made earlier that are pending this user&#39;s approval.</maml:para>
	                        <maml:para></maml:para>
	                        <maml:para></maml:para>
	                        <maml:para></maml:para>
	                        <maml:para></maml:para>
  			</dev:remarks>
			<command:commandLines>
				<command:commandLine>
					<command:commandText></command:commandText>
				</command:commandLine>
			</command:commandLines>
		</command:example>
	</command:examples>
	<!-- Link section  -->
	<maml:relatedLinks>
		<maml:navigationLink>
			<maml:linkText></maml:linkText>
			<maml:uri/>
		</maml:navigationLink>
	</maml:relatedLinks>
</command:command>

<!-- v 1.3.0.36 -->
<command:command xmlns:maml="http://schemas.microsoft.com/maml/2004/10" xmlns:command="http://schemas.microsoft.com/maml/dev/command/2004/10" xmlns:dev="http://schemas.microsoft.com/maml/dev/2004/10">
	<command:details>
		<command:name>
                   Get-PAMRoleForRequest
		</command:name>
		<maml:description>
			<maml:para>Retrieves PAM roles from the MIM Service.</maml:para>
		</maml:description>
		<maml:copyright>
			<maml:para></maml:para>
		</maml:copyright>
		<command:verb>Get</command:verb>
		<command:noun>PAMRoleForRequest</command:noun>
		<dev:version></dev:version>
	</command:details>
	<maml:description>
		<maml:para>This cmdlet returns the PAM role resources from the MIM Service, which the user is authorized to request activation.</maml:para>
	</maml:description>
	<!-- Cmdlet syntax section-->
	<command:syntax>
		<command:syntaxItem>
			<maml:name>Get-PAMRoleForRequest</maml:name>
			<command:parameter required="false" variableLength="false" globbing="false" pipelineInput="false" position="1">
				<maml:name>DisplayName</maml:name>
				<maml:description>
					<maml:para>Specifies the display name of the role that will be requested.</maml:para>
				</maml:description>
				<command:parameterValue required="true" variableLength="false">string</command:parameterValue>
			</command:parameter>
			<command:parameter required="false" variableLength="false" globbing="false" pipelineInput="false" position="2">
				<maml:name>Active</maml:name>
				<maml:description>
					<maml:para>Only returns roles for which the user has an active request.</maml:para>
				</maml:description>
			</command:parameter>
		</command:syntaxItem>
		<command:syntaxItem>
			<maml:name>Get-PAMRoleForRequest</maml:name>
			<command:parameter required="false" variableLength="false" globbing="false" pipelineInput="false" position="1">
				<maml:name>Filter</maml:name>
				<maml:description>
					<maml:para>Specifies a clause to use in the filter when searching in the MIM Service.</maml:para>
				</maml:description>
				<command:parameterValue required="true" variableLength="false">string</command:parameterValue>
			</command:parameter>
			<command:parameter required="false" variableLength="false" globbing="false" pipelineInput="false" position="2">
				<maml:name>Active</maml:name>
				<maml:description>
					<maml:para>Only returns roles for which the user has an active request.</maml:para>
				</maml:description>
			</command:parameter>
		</command:syntaxItem>
	</command:syntax>
	<!-- Cmdlet parameter section  -->
	<command:parameters>
		<command:parameter required="false" variableLength="false" globbing="false" pipelineInput="false" position="2">
			<maml:name>Active</maml:name>
			<maml:description>
				<maml:para>Only returns roles for which the user has an active request.</maml:para>
								
			</maml:description>
			<command:parameterValue required="false" variableLength="false">SwitchParameter</command:parameterValue>
			<dev:type>
				<maml:name>SwitchParameter</maml:name>
				<maml:uri/>
			</dev:type>
			<dev:defaultValue></dev:defaultValue>
		</command:parameter>
		<command:parameter required="false" variableLength="false" globbing="false" pipelineInput="false" position="1">
			<maml:name>DisplayName</maml:name>
			<maml:description>
				<maml:para>Specifies the display name of the role that will be requested.</maml:para>
								
			</maml:description>
			<command:parameterValue required="true" variableLength="false">string</command:parameterValue>
			<dev:type>
				<maml:name>string</maml:name>
				<maml:uri/>
			</dev:type>
			<dev:defaultValue></dev:defaultValue>
		</command:parameter>
		<command:parameter required="false" variableLength="false" globbing="false" pipelineInput="false" position="1">
			<maml:name>Filter</maml:name>
			<maml:description>
				<maml:para>Specifies a clause to use in the filter when searching in the MIM Service.</maml:para>
								
			</maml:description>
			<command:parameterValue required="true" variableLength="false">string</command:parameterValue>
			<dev:type>
				<maml:name>string</maml:name>
				<maml:uri/>
			</dev:type>
			<dev:defaultValue></dev:defaultValue>
		</command:parameter>
	</command:parameters>
	<!-- Input - Output section-->
	<command:inputTypes>
		<command:inputType>
			<dev:type>
				<maml:name></maml:name>
				<maml:uri/>
				<maml:description />
			</dev:type>
			<maml:description>
				<maml:para>
					<!-- description  -->
					
				</maml:para>
			</maml:description>
		</command:inputType>
	</command:inputTypes>
	<command:returnValues>
		<command:returnValue>
			<dev:type>
				<maml:name>Microsoft.IdentityManagement.PamCmdlets.Model.PAMRoleForRequest</maml:name>
				<maml:uri />
				<maml:description />
			</dev:type>   
			<maml:description>
				<maml:para>
					<!-- description  -->
					Zero or more matching PAMRoleForRequest objects.
				</maml:para>
			</maml:description> 
		</command:returnValue>
	</command:returnValues>
	<!-- Error section-->
	<command:terminatingErrors />
	<command:nonTerminatingErrors />
		<!-- Notes section  -->
	<maml:alertSet>
		<maml:title></maml:title>
		<maml:alert>
			<maml:para>
                          
                        </maml:para>
		</maml:alert>
		<maml:alert>
			<maml:para></maml:para>
		</maml:alert>
	</maml:alertSet>
	<!-- Example section  --> 
	<command:examples>

		<command:example>
			<maml:title>
				-------------------------- EXAMPLE 1 --------------------------
			</maml:title> 
			<maml:introduction>
				<maml:para>PS C:\&gt; </maml:para>
			</maml:introduction> 
  			<dev:code>
Get-PAMRoleForRequest                        </dev:code>
       			<dev:remarks>
                                <maml:para>Description</maml:para>
                                <maml:para>-----------</maml:para>
  			        <maml:para>This command displays all available roles a user can request. </maml:para>
	                        <maml:para></maml:para>
	                        <maml:para></maml:para>
	                        <maml:para></maml:para>
	                        <maml:para></maml:para>
  			</dev:remarks>
			<command:commandLines>
				<command:commandLine>
					<command:commandText></command:commandText>
				</command:commandLine>
			</command:commandLines>
		</command:example>

		<command:example>
			<maml:title>
				-------------------------- EXAMPLE 2 --------------------------
			</maml:title> 
			<maml:introduction>
				<maml:para>PS C:\&gt; </maml:para>
			</maml:introduction> 
  			<dev:code>
$r = Get-PAMRoleForRequest | ? { $_.DisplayName -eq &quot;CorpAdmins&quot; }                        </dev:code>
       			<dev:remarks>
                                <maml:para>Description</maml:para>
                                <maml:para>-----------</maml:para>
  			        <maml:para>This command returns the list of roles and selects a role with a particular name.  The result can then be provided to the New-PAMRequest cmdlet.</maml:para>
	                        <maml:para></maml:para>
	                        <maml:para></maml:para>
	                        <maml:para></maml:para>
	                        <maml:para></maml:para>
  			</dev:remarks>
			<command:commandLines>
				<command:commandLine>
					<command:commandText></command:commandText>
				</command:commandLine>
			</command:commandLines>
		</command:example>

		<command:example>
			<maml:title>
				-------------------------- EXAMPLE 3 --------------------------
			</maml:title> 
			<maml:introduction>
				<maml:para>PS C:\&gt; </maml:para>
			</maml:introduction> 
  			<dev:code>
Get-PAMRoleForRequest -displayname &quot;CorpAdmins&quot;                        </dev:code>
       			<dev:remarks>
                                <maml:para>Description</maml:para>
                                <maml:para>-----------</maml:para>
  			        <maml:para>This command returns the role with the display name specified.</maml:para>
	                        <maml:para></maml:para>
	                        <maml:para></maml:para>
	                        <maml:para></maml:para>
	                        <maml:para></maml:para>
  			</dev:remarks>
			<command:commandLines>
				<command:commandLine>
					<command:commandText></command:commandText>
				</command:commandLine>
			</command:commandLines>
		</command:example>
	</command:examples>
	<!-- Link section  -->
	<maml:relatedLinks>
		<maml:navigationLink>
			<maml:linkText></maml:linkText>
			<maml:uri/>
		</maml:navigationLink>
	</maml:relatedLinks>
</command:command>

<!-- v 1.3.0.36 -->
<command:command xmlns:maml="http://schemas.microsoft.com/maml/2004/10" xmlns:command="http://schemas.microsoft.com/maml/dev/command/2004/10" xmlns:dev="http://schemas.microsoft.com/maml/dev/2004/10">
	<command:details>
		<command:name>
                   New-PAMRequest
		</command:name>
		<maml:description>
			<maml:para>Creates a PAM activation request in the MIM Service.</maml:para>
		</maml:description>
		<maml:copyright>
			<maml:para></maml:para>
		</maml:copyright>
		<command:verb>New</command:verb>
		<command:noun>PAMRequest</command:noun>
		<dev:version></dev:version>
	</command:details>
	<maml:description>
		<maml:para>This cmdlet creates a new PAM activation request in the MIM Service.  A role must be specified, using either the Role or RoleDisplayName parameters, which indicates the security groups to which the user is requesting to be added.</maml:para>
	</maml:description>
	<!-- Cmdlet syntax section-->
	<command:syntax>
		<command:syntaxItem>
			<maml:name>New-PAMRequest</maml:name>
			<command:parameter required="false" variableLength="false" globbing="false" pipelineInput="true (ByValue)" position="1">
				<maml:name>RoleDisplayName</maml:name>
				<maml:description>
					<maml:para>The display name of PAM role in the MIM Service being requested.</maml:para>
				</maml:description>
				<command:parameterValue required="true" variableLength="false">string</command:parameterValue>
			</command:parameter>
			<command:parameter required="false" variableLength="false" globbing="false" pipelineInput="false" position="2">
				<maml:name>Justification</maml:name>
				<maml:description>
					<maml:para>An optional text parameter to be included in the activation request.</maml:para>
				</maml:description>
				<command:parameterValue required="true" variableLength="false">string</command:parameterValue>
			</command:parameter>
			<command:parameter required="false" variableLength="false" globbing="false" pipelineInput="false" position="3">
				<maml:name>RequestedTTL</maml:name>
				<maml:description>
					<maml:para>An optional override of the time to live for the activation request once started.  If not specified, then the role default TTL is used instead.</maml:para>
				</maml:description>
				<command:parameterValue required="true" variableLength="false">TimeSpan</command:parameterValue>
			</command:parameter>
			<command:parameter required="false" variableLength="false" globbing="false" pipelineInput="false" position="named">
				<maml:name>RequestedTime</maml:name>
				<maml:description>
					<maml:para>Optional delayed start time for the activation. </maml:para>
				</maml:description>
				<command:parameterValue required="true" variableLength="false">DateTime</command:parameterValue>
			</command:parameter>
		</command:syntaxItem>
		<command:syntaxItem>
			<maml:name>New-PAMRequest</maml:name>
			<command:parameter required="false" variableLength="false" globbing="false" pipelineInput="true (ByValue)" position="1">
				<maml:name>Role</maml:name>
				<maml:description>
					<maml:para>The PAM role in MIM Service being requested, returned by Get-PAMRoleForRequest.</maml:para>
				</maml:description>
				<command:parameterValue required="true" variableLength="false">PAMRoleForRequest</command:parameterValue>
			</command:parameter>
			<command:parameter required="false" variableLength="false" globbing="false" pipelineInput="false" position="2">
				<maml:name>Justification</maml:name>
				<maml:description>
					<maml:para>An optional text parameter to be included in the activation request.</maml:para>
				</maml:description>
				<command:parameterValue required="true" variableLength="false">string</command:parameterValue>
			</command:parameter>
			<command:parameter required="false" variableLength="false" globbing="false" pipelineInput="false" position="3">
				<maml:name>RequestedTTL</maml:name>
				<maml:description>
					<maml:para>An optional override of the time to live for the activation request once started.  If not specified, then the role default TTL is used instead.</maml:para>
				</maml:description>
				<command:parameterValue required="true" variableLength="false">TimeSpan</command:parameterValue>
			</command:parameter>
			<command:parameter required="false" variableLength="false" globbing="false" pipelineInput="false" position="named">
				<maml:name>RequestedTime</maml:name>
				<maml:description>
					<maml:para>Optional delayed start time for the activation. </maml:para>
				</maml:description>
				<command:parameterValue required="true" variableLength="false">DateTime</command:parameterValue>
			</command:parameter>
		</command:syntaxItem>
	</command:syntax>
	<!-- Cmdlet parameter section  -->
	<command:parameters>
		<command:parameter required="false" variableLength="false" globbing="false" pipelineInput="false" position="2">
			<maml:name>Justification</maml:name>
			<maml:description>
				<maml:para>An optional text parameter to be included in the activation request.</maml:para>
								
			</maml:description>
			<command:parameterValue required="true" variableLength="false">string</command:parameterValue>
			<dev:type>
				<maml:name>string</maml:name>
				<maml:uri/>
			</dev:type>
			<dev:defaultValue></dev:defaultValue>
		</command:parameter>
		<command:parameter required="false" variableLength="false" globbing="false" pipelineInput="false" position="named">
			<maml:name>RequestedTime</maml:name>
			<maml:description>
				<maml:para>Optional delayed start time for the activation. </maml:para>
								
			</maml:description>
			<command:parameterValue required="true" variableLength="false">DateTime</command:parameterValue>
			<dev:type>
				<maml:name>DateTime</maml:name>
				<maml:uri/>
			</dev:type>
			<dev:defaultValue></dev:defaultValue>
		</command:parameter>
		<command:parameter required="false" variableLength="false" globbing="false" pipelineInput="false" position="3">
			<maml:name>RequestedTTL</maml:name>
			<maml:description>
				<maml:para>An optional override of the time to live for the activation request once started.  If not specified, then the role default TTL is used instead.</maml:para>
								
			</maml:description>
			<command:parameterValue required="true" variableLength="false">TimeSpan</command:parameterValue>
			<dev:type>
				<maml:name>TimeSpan</maml:name>
				<maml:uri/>
			</dev:type>
			<dev:defaultValue></dev:defaultValue>
		</command:parameter>
		<command:parameter required="false" variableLength="false" globbing="false" pipelineInput="true (ByValue)" position="1">
			<maml:name>Role</maml:name>
			<maml:description>
				<maml:para>The PAM role in MIM Service being requested, returned by Get-PAMRoleForRequest.</maml:para>
								
			</maml:description>
			<command:parameterValue required="true" variableLength="false">PAMRoleForRequest</command:parameterValue>
			<dev:type>
				<maml:name>PAMRoleForRequest</maml:name>
				<maml:uri/>
			</dev:type>
			<dev:defaultValue></dev:defaultValue>
		</command:parameter>
		<command:parameter required="false" variableLength="false" globbing="false" pipelineInput="true (ByValue)" position="1">
			<maml:name>RoleDisplayName</maml:name>
			<maml:description>
				<maml:para>The display name of PAM role in the MIM Service being requested.</maml:para>
								
			</maml:description>
			<command:parameterValue required="true" variableLength="false">string</command:parameterValue>
			<dev:type>
				<maml:name>string</maml:name>
				<maml:uri/>
			</dev:type>
			<dev:defaultValue></dev:defaultValue>
		</command:parameter>
	</command:parameters>
	<!-- Input - Output section-->
	<command:inputTypes>
		<command:inputType>
			<dev:type>
				<maml:name></maml:name>
				<maml:uri/>
				<maml:description />
			</dev:type>
			<maml:description>
				<maml:para>
					<!-- description  -->
					
				</maml:para>
			</maml:description>
		</command:inputType>
	</command:inputTypes>
	<command:returnValues>
		<command:returnValue>
			<dev:type>
				<maml:name>Microsoft.IdentityManagement.PamCmdlets.Model.PAMRequest</maml:name>
				<maml:uri />
				<maml:description />
			</dev:type>   
			<maml:description>
				<maml:para>
					<!-- description  -->
					The newly created PAMRequest object.
				</maml:para>
			</maml:description> 
		</command:returnValue>
	</command:returnValues>
	<!-- Error section-->
	<command:terminatingErrors />
	<command:nonTerminatingErrors />
		<!-- Notes section  -->
	<maml:alertSet>
		<maml:title></maml:title>
		<maml:alert>
			<maml:para>
                          
                        </maml:para>
		</maml:alert>
		<maml:alert>
			<maml:para></maml:para>
		</maml:alert>
	</maml:alertSet>
	<!-- Example section  --> 
	<command:examples>

		<command:example>
			<maml:title>
				-------------------------- EXAMPLE 1 --------------------------
			</maml:title> 
			<maml:introduction>
				<maml:para>PS C:\&gt; </maml:para>
			</maml:introduction> 
  			<dev:code>
$s = New-PAMRequest -role $r                        </dev:code>
       			<dev:remarks>
                                <maml:para>Description</maml:para>
                                <maml:para>-----------</maml:para>
  			        <maml:para>This command creates a new request for a PAM Role.  The variable r is assumed to have been set by a previous use of the cmdlet Get-PAMRoleForRequest. </maml:para>
	                        <maml:para></maml:para>
	                        <maml:para></maml:para>
	                        <maml:para></maml:para>
	                        <maml:para></maml:para>
  			</dev:remarks>
			<command:commandLines>
				<command:commandLine>
					<command:commandText></command:commandText>
				</command:commandLine>
			</command:commandLines>
		</command:example>
	</command:examples>
	<!-- Link section  -->
	<maml:relatedLinks>
		<maml:navigationLink>
			<maml:linkText></maml:linkText>
			<maml:uri/>
		</maml:navigationLink>
	</maml:relatedLinks>
</command:command>

<!-- v 1.3.0.36 -->
<command:command xmlns:maml="http://schemas.microsoft.com/maml/2004/10" xmlns:command="http://schemas.microsoft.com/maml/dev/command/2004/10" xmlns:dev="http://schemas.microsoft.com/maml/dev/2004/10">
	<command:details>
		<command:name>
                   Close-PAMRequest
		</command:name>
		<maml:description>
			<maml:para>Cancel this user&#39;s PAM activation requests.</maml:para>
		</maml:description>
		<maml:copyright>
			<maml:para></maml:para>
		</maml:copyright>
		<command:verb>Close</command:verb>
		<command:noun>PAMRequest</command:noun>
		<dev:version></dev:version>
	</command:details>
	<maml:description>
		<maml:para>This cmdlet deactivates one or more of this user&#39;s PAM activation requests.  The Request, Role or RoleDisplayName parameters must be specified.</maml:para>
	</maml:description>
	<!-- Cmdlet syntax section-->
	<command:syntax>
		<command:syntaxItem>
			<maml:name>Close-PAMRequest</maml:name>
			<command:parameter required="false" variableLength="false" globbing="false" pipelineInput="true (ByValue)" position="1">
				<maml:name>Request</maml:name>
				<maml:description>
					<maml:para>Specifies the request to be deactivated.</maml:para>
				</maml:description>
				<command:parameterValue required="true" variableLength="false">PAMRequest</command:parameterValue>
			</command:parameter>
		</command:syntaxItem>
		<command:syntaxItem>
			<maml:name>Close-PAMRequest</maml:name>
			<command:parameter required="false" variableLength="false" globbing="false" pipelineInput="true (ByValue)" position="1">
				<maml:name>RoleDisplayName</maml:name>
				<maml:description>
					<maml:para>Specifies the display name of the role that was earlier requested for elevation.</maml:para>
				</maml:description>
				<command:parameterValue required="true" variableLength="false">string</command:parameterValue>
			</command:parameter>
		</command:syntaxItem>
		<command:syntaxItem>
			<maml:name>Close-PAMRequest</maml:name>
			<command:parameter required="false" variableLength="false" globbing="false" pipelineInput="true (ByValue)" position="1">
				<maml:name>Role</maml:name>
				<maml:description>
					<maml:para>Specifies a role that was returned by Get-PAMRoleForRequest and provided to an earlier call to New-PAMRequest.</maml:para>
				</maml:description>
				<command:parameterValue required="true" variableLength="false">PAMRoleForRequest</command:parameterValue>
			</command:parameter>
		</command:syntaxItem>
	</command:syntax>
	<!-- Cmdlet parameter section  -->
	<command:parameters>
		<command:parameter required="false" variableLength="false" globbing="false" pipelineInput="true (ByValue)" position="1">
			<maml:name>Request</maml:name>
			<maml:description>
				<maml:para>Specifies the request to be deactivated.</maml:para>
								
			</maml:description>
			<command:parameterValue required="true" variableLength="false">PAMRequest</command:parameterValue>
			<dev:type>
				<maml:name>PAMRequest</maml:name>
				<maml:uri/>
			</dev:type>
			<dev:defaultValue></dev:defaultValue>
		</command:parameter>
		<command:parameter required="false" variableLength="false" globbing="false" pipelineInput="true (ByValue)" position="1">
			<maml:name>Role</maml:name>
			<maml:description>
				<maml:para>Specifies a role that was returned by Get-PAMRoleForRequest and provided to an earlier call to New-PAMRequest.</maml:para>
								
			</maml:description>
			<command:parameterValue required="true" variableLength="false">PAMRoleForRequest</command:parameterValue>
			<dev:type>
				<maml:name>PAMRoleForRequest</maml:name>
				<maml:uri/>
			</dev:type>
			<dev:defaultValue></dev:defaultValue>
		</command:parameter>
		<command:parameter required="false" variableLength="false" globbing="false" pipelineInput="true (ByValue)" position="1">
			<maml:name>RoleDisplayName</maml:name>
			<maml:description>
				<maml:para>Specifies the display name of the role that was earlier requested for elevation.</maml:para>
								
			</maml:description>
			<command:parameterValue required="true" variableLength="false">string</command:parameterValue>
			<dev:type>
				<maml:name>string</maml:name>
				<maml:uri/>
			</dev:type>
			<dev:defaultValue></dev:defaultValue>
		</command:parameter>
	</command:parameters>
	<!-- Input - Output section-->
	<command:inputTypes>
		<command:inputType>
			<dev:type>
				<maml:name></maml:name>
				<maml:uri/>
				<maml:description />
			</dev:type>
			<maml:description>
				<maml:para>
					<!-- description  -->
					
				</maml:para>
			</maml:description>
		</command:inputType>
	</command:inputTypes>
	<command:returnValues>
		<command:returnValue>
			<dev:type>
				<maml:name></maml:name>
				<maml:uri />
				<maml:description />
			</dev:type>   
			<maml:description>
				<maml:para>
					<!-- description  -->
					
				</maml:para>
			</maml:description> 
		</command:returnValue>
	</command:returnValues>
	<!-- Error section-->
	<command:terminatingErrors />
	<command:nonTerminatingErrors />
		<!-- Notes section  -->
	<maml:alertSet>
		<maml:title></maml:title>
		<maml:alert>
			<maml:para>
                          
                        </maml:para>
		</maml:alert>
		<maml:alert>
			<maml:para></maml:para>
		</maml:alert>
	</maml:alertSet>
	<!-- Example section  --> 
	<command:examples>

		<command:example>
			<maml:title>
				-------------------------- EXAMPLE 1 --------------------------
			</maml:title> 
			<maml:introduction>
				<maml:para>PS C:\&gt; </maml:para>
			</maml:introduction> 
  			<dev:code>
Close-PAMRequest -RoleDisplayName &quot;IT&quot;                        </dev:code>
       			<dev:remarks>
                                <maml:para>Description</maml:para>
                                <maml:para>-----------</maml:para>
  			        <maml:para>This command closes request the user made earlier for a specific role.</maml:para>
	                        <maml:para></maml:para>
	                        <maml:para></maml:para>
	                        <maml:para></maml:para>
	                        <maml:para></maml:para>
  			</dev:remarks>
			<command:commandLines>
				<command:commandLine>
					<command:commandText></command:commandText>
				</command:commandLine>
			</command:commandLines>
		</command:example>
	</command:examples>
	<!-- Link section  -->
	<maml:relatedLinks>
		<maml:navigationLink>
			<maml:linkText></maml:linkText>
			<maml:uri/>
		</maml:navigationLink>
	</maml:relatedLinks>
</command:command>

</helpItems>
