<saved-mv-configuration server='SERVER1' export-date='2013-03-31 12:24:48.304'>
<!--WARNING>
!!!!!!!!!!!!!!!!!!!!!!!!!!!!!!!!!!!!!!!!!!!!!!!!!!!!!!!!!!!!!!!!!!!
!!
!! The contents of this file should not be edited.
!! Any such modifications to this file may result in errors during import.
!!
!!!!!!!!!!!!!!!!!!!!!!!!!!!!!!!!!!!!!!!!!!!!!!!!!!!!!!!!!!!!!!!!!!!
</WARNING-->
<mv-data>
 <format-version>1</format-version>
 <version>339</version>
 <schema>
  <dsml:dsml xmlns:dsml="http://www.dsml.org/DSML" xmlns:ms-dsml="http://www.microsoft.com/MMS/DSML"><dsml:directory-schema><dsml:class id="function" type="structural"><dsml:name>function</dsml:name><dsml:attribute ref="#assembly" required="true" /><dsml:attribute ref="#csObjectID" required="true" /><dsml:attribute ref="#description" required="false" /><dsml:attribute ref="#displayName" required="true" /><dsml:attribute ref="#functionName" required="true" /><dsml:attribute ref="#functionParameters" required="true" /><dsml:attribute ref="#namespace" required="true" /><dsml:attribute ref="#objectID" required="true" /><dsml:attribute ref="#objectType" required="true" /><dsml:attribute ref="#returnType" required="true" /></dsml:class><dsml:class id="synchronizationRule" type="structural"><dsml:name>synchronizationRule</dsml:name><dsml:attribute ref="#connectedObjectType" required="true" /><dsml:attribute ref="#connectedSystem" required="true" /><dsml:attribute ref="#connectedSystemScope" required="false" /><dsml:attribute ref="#msidmOutboundScopingFilters" required="false" /><dsml:attribute ref="#createConnectedSystemObject" required="false" /><dsml:attribute ref="#createILMObject" required="false" /><dsml:attribute ref="#csObjectID" required="true" /><dsml:attribute ref="#disconnectConnectedSystemObject" required="true" /><dsml:attribute ref="#dependency" required="false" /><dsml:attribute ref="#description" required="false" /><dsml:attribute ref="#displayName" required="true" /><dsml:attribute ref="#existenceTest" required="false" /><dsml:attribute ref="#flowType" required="true" /><dsml:attribute ref="#initialFlow" required="false" /><dsml:attribute ref="#objectID" required="true" /><dsml:attribute ref="#ilmObjectType" required="true" /><dsml:attribute ref="#persistentFlow" required="false" /><dsml:attribute ref="#precedence" required="false" /><dsml:attribute ref="#relationshipCriteria" required="false" /><dsml:attribute ref="#synchronizationRuleParameters" required="false" /><dsml:attribute ref="#msidmOutboundIsFilterBased" required="false" /></dsml:class><dsml:class id="expectedRuleEntry" type="structural"><dsml:name>expectedRuleEntry</dsml:name><dsml:attribute ref="#createdTime" required="true" /><dsml:attribute ref="#csObjectID" required="true" /><dsml:attribute ref="#displayName" required="true" /><dsml:attribute ref="#objectID" required="true" /><dsml:attribute ref="#expectedRuleEntryAction" required="false" /><dsml:attribute ref="#resourceParent" required="false" /><dsml:attribute ref="#synchronizationRuleData" required="false" /><dsml:attribute ref="#synchronizationRuleID" required="true" /><dsml:attribute ref="#statusError" required="false" /><dsml:attribute ref="#status" required="false" /></dsml:class><dsml:class id="detectedRuleEntry" type="structural"><dsml:name>detectedRuleEntry</dsml:name><dsml:attribute ref="#connector" required="false" /><dsml:attribute ref="#csObjectID" required="true" /><dsml:attribute ref="#displayName" required="true" /><dsml:attribute ref="#objectID" required="true" /><dsml:attribute ref="#objectType" required="true" /><dsml:attribute ref="#resourceParent" required="false" /><dsml:attribute ref="#synchronizationRuleID" required="true" /></dsml:class><dsml:class id="person" type="structural"><dsml:name>person</dsml:name><dsml:attribute ref="#accountName" required="true" /><dsml:attribute ref="#ad_UserCannotChangePassword" required="false" /><dsml:attribute ref="#address" required="false" /><dsml:attribute ref="#assistant" required="false" /><dsml:attribute ref="#authNWFLockedOut" required="false" /><dsml:attribute ref="#authNWFRegistered" required="false" /><dsml:attribute ref="#c" required="false" /><dsml:attribute ref="#city" required="false" /><dsml:attribute ref="#cn" required="false" /><dsml:attribute ref="#co" required="false" /><dsml:attribute ref="#comment" required="false" /><dsml:attribute ref="#company" required="false" /><dsml:attribute ref="#costCenter" required="false" /><dsml:attribute ref="#costCenterName" required="false" /><dsml:attribute ref="#country" required="false" /><dsml:attribute ref="#creator" required="true" /><dsml:attribute ref="#deleteTime" required="true" /><dsml:attribute ref="#department" required="false" /><dsml:attribute ref="#description" required="false" /><dsml:attribute ref="#displayName" required="false" /><dsml:attribute ref="#division" required="false" /><dsml:attribute ref="#domain" required="false" /><dsml:attribute ref="#email" required="false" /><dsml:attribute ref="#employeeEndDate" required="false" /><dsml:attribute ref="#employeeStartDate" required="false" /><dsml:attribute ref="#expirationTime" required="false" /><dsml:attribute ref="#employeeID" required="false" /><dsml:attribute ref="#employeeStatus" required="false" /><dsml:attribute ref="#employeeType" required="false" /><dsml:attribute ref="#facsimileTelephoneNumber" required="false" /><dsml:attribute ref="#firstName" required="false" /><dsml:attribute ref="#freezeCount" required="false" /><dsml:attribute ref="#freezeLevel" required="false" /><dsml:attribute ref="#generationQualifier" required="false" /><dsml:attribute ref="#homePhone" required="false" /><dsml:attribute ref="#info" required="false" /><dsml:attribute ref="#initials" required="false" /><dsml:attribute ref="#jobTitle" required="false" /><dsml:attribute ref="#l" required="false" /><dsml:attribute ref="#lastName" required="false" /><dsml:attribute ref="#lastResetAttemptTime" required="false" /><dsml:attribute ref="#location" required="false" /><dsml:attribute ref="#loginName" required="false" /><dsml:attribute ref="#manager" required="false" /><dsml:attribute ref="#mobilePhone" required="false" /><dsml:attribute ref="#mail" required="false" /><dsml:attribute ref="#mailNickname" required="false" /><dsml:attribute ref="#middleName" required="false" /><dsml:attribute ref="#mobile" required="false" /><dsml:attribute ref="#o" required="false" /><dsml:attribute ref="#objectID" required="true" /><dsml:attribute ref="#objectSid" required="true" /><dsml:attribute ref="#objectType" required="true" /><dsml:attribute ref="#officeFax" required="false" /><dsml:attribute ref="#officeLocation" required="false" /><dsml:attribute ref="#officePhone" required="false" /><dsml:attribute ref="#orgUnit" required="false" /><dsml:attribute ref="#otherMailbox" required="false" /><dsml:attribute ref="#ou" required="false" /><dsml:attribute ref="#pager" required="false" /><dsml:attribute ref="#personalTitle" required="false" /><dsml:attribute ref="#photo" required="false" /><dsml:attribute ref="#physicalDeliveryOfficeName" required="false" /><dsml:attribute ref="#postOfficeBox" required="false" /><dsml:attribute ref="#postalAddress" required="false" /><dsml:attribute ref="#postalCode" required="false" /><dsml:attribute ref="#proxyAddressCollection" required="true" /><dsml:attribute ref="#register" required="false" /><dsml:attribute ref="#registrationRequired" required="false" /><dsml:attribute ref="#resetPassword" required="false" /><dsml:attribute ref="#secretary" required="false" /><dsml:attribute ref="#seeAlso" required="false" /><dsml:attribute ref="#sIDHistory" required="false" /><dsml:attribute ref="#sn" required="false" /><dsml:attribute ref="#st" required="false" /><dsml:attribute ref="#street" required="false" /><dsml:attribute ref="#telephoneNumber" required="false" /><dsml:attribute ref="#title" required="false" /><dsml:attribute ref="#uid" required="false" /><dsml:attribute ref="#userCertificate" required="false" /><dsml:attribute ref="#userSMIMECertificate" required="false" /><dsml:attribute ref="#givenName" required="false" /><dsml:attribute ref="#expectedRulesList" required="false" /><dsml:attribute ref="#detectedRulesList" required="false" /><dsml:attribute ref="#csObjectID" required="true" /></dsml:class><dsml:class id="organizationalUnit" type="structural"><dsml:name>organizationalUnit</dsml:name><dsml:attribute ref="#company" required="false" /><dsml:attribute ref="#description" required="false" /><dsml:attribute ref="#displayName" required="false" /><dsml:attribute ref="#facsimileTelephoneNumber" required="false" /><dsml:attribute ref="#l" required="false" /><dsml:attribute ref="#ou" required="false" /><dsml:attribute ref="#physicalDeliveryOfficeName" required="false" /><dsml:attribute ref="#postOfficeBox" required="false" /><dsml:attribute ref="#postalAddress" required="false" /><dsml:attribute ref="#postalCode" required="false" /><dsml:attribute ref="#seeAlso" required="false" /><dsml:attribute ref="#st" required="false" /><dsml:attribute ref="#street" required="false" /><dsml:attribute ref="#telephoneNumber" required="false" /></dsml:class><dsml:class id="organization" type="structural"><dsml:name>organization</dsml:name><dsml:attribute ref="#company" required="false" /><dsml:attribute ref="#description" required="false" /><dsml:attribute ref="#displayName" required="false" /><dsml:attribute ref="#facsimileTelephoneNumber" required="false" /><dsml:attribute ref="#l" required="false" /><dsml:attribute ref="#o" required="false" /><dsml:attribute ref="#ParentID" required="false" /><dsml:attribute ref="#physicalDeliveryOfficeName" required="false" /><dsml:attribute ref="#postOfficeBox" required="false" /><dsml:attribute ref="#postalAddress" required="false" /><dsml:attribute ref="#postalCode" required="false" /><dsml:attribute ref="#seeAlso" required="false" /><dsml:attribute ref="#st" required="false" /><dsml:attribute ref="#street" required="false" /><dsml:attribute ref="#telephoneNumber" required="false" /></dsml:class><dsml:class id="locality" type="structural"><dsml:name>locality</dsml:name><dsml:attribute ref="#description" required="false" /><dsml:attribute ref="#displayName" required="false" /><dsml:attribute ref="#l" required="false" /><dsml:attribute ref="#seeAlso" required="false" /><dsml:attribute ref="#st" required="false" /><dsml:attribute ref="#street" required="false" /></dsml:class><dsml:class id="domain" type="structural"><dsml:name>domain</dsml:name><dsml:attribute ref="#company" required="false" /><dsml:attribute ref="#dc" required="false" /><dsml:attribute ref="#description" required="false" /><dsml:attribute ref="#displayName" required="false" /><dsml:attribute ref="#facsimileTelephoneNumber" required="false" /><dsml:attribute ref="#l" required="false" /><dsml:attribute ref="#o" required="false" /><dsml:attribute ref="#physicalDeliveryOfficeName" required="false" /><dsml:attribute ref="#postOfficeBox" required="false" /><dsml:attribute ref="#postalAddress" required="false" /><dsml:attribute ref="#postalCode" required="false" /><dsml:attribute ref="#seeAlso" required="false" /><dsml:attribute ref="#st" required="false" /><dsml:attribute ref="#street" required="false" /><dsml:attribute ref="#telephoneNumber" required="false" /></dsml:class><dsml:class id="computer" type="structural"><dsml:name>computer</dsml:name><dsml:attribute ref="#cn" required="false" /><dsml:attribute ref="#description" required="false" /><dsml:attribute ref="#displayName" required="false" /><dsml:attribute ref="#l" required="false" /><dsml:attribute ref="#location" required="false" /><dsml:attribute ref="#manager" required="false" /><dsml:attribute ref="#o" required="false" /><dsml:attribute ref="#ou" required="false" /><dsml:attribute ref="#seeAlso" required="false" /></dsml:class><dsml:class id="printer" type="structural"><dsml:name>printer</dsml:name><dsml:attribute ref="#cn" required="false" /><dsml:attribute ref="#description" required="false" /><dsml:attribute ref="#displayName" required="false" /><dsml:attribute ref="#l" required="false" /><dsml:attribute ref="#location" required="false" /><dsml:attribute ref="#manager" required="false" /><dsml:attribute ref="#o" required="false" /><dsml:attribute ref="#ou" required="false" /><dsml:attribute ref="#seeAlso" required="false" /></dsml:class><dsml:class id="group" type="structural"><dsml:name>group</dsml:name><dsml:attribute ref="#accountName" required="false" /><dsml:attribute ref="#cn" required="false" /><dsml:attribute ref="#creator" required="true" /><dsml:attribute ref="#csObjectID" required="true" /><dsml:attribute ref="#deleteTime" required="true" /><dsml:attribute ref="#description" required="false" /><dsml:attribute ref="#displayedOwner" required="false" /><dsml:attribute ref="#displayName" required="false" /><dsml:attribute ref="#domain" required="true" /><dsml:attribute ref="#email" required="false" /><dsml:attribute ref="#expirationTime" required="false" /><dsml:attribute ref="#mail" required="false" /><dsml:attribute ref="#mailNickname" required="false" /><dsml:attribute ref="#manager" required="false" /><dsml:attribute ref="#member" required="false" /><dsml:attribute ref="#memberFilter" required="false" /><dsml:attribute ref="#membershipAddWorkflow" required="true" /><dsml:attribute ref="#membershipLocked" required="true" /><dsml:attribute ref="#o" required="false" /><dsml:attribute ref="#objectID" required="true" /><dsml:attribute ref="#objectType" required="true" /><dsml:attribute ref="#ou" required="false" /><dsml:attribute ref="#owner" required="false" /><dsml:attribute ref="#seeAlso" required="false" /><dsml:attribute ref="#scope" required="true" /><dsml:attribute ref="#temporal" required="false" /><dsml:attribute ref="#type" required="true" /><dsml:attribute ref="#uid" required="false" /><dsml:attribute ref="#expectedRulesList" required="false" /><dsml:attribute ref="#detectedRulesList" required="false" /><dsml:attribute ref="#objectSid" required="true" /><dsml:attribute ref="#sIDHistory" required="false" /></dsml:class><dsml:class id="role" type="structural"><dsml:name>role</dsml:name><dsml:attribute ref="#company" required="false" /><dsml:attribute ref="#description" required="false" /><dsml:attribute ref="#displayName" required="false" /><dsml:attribute ref="#facsimileTelephoneNumber" required="false" /><dsml:attribute ref="#l" required="false" /><dsml:attribute ref="#member" required="false" /><dsml:attribute ref="#ou" required="false" /><dsml:attribute ref="#physicalDeliveryOfficeName" required="false" /><dsml:attribute ref="#postOfficeBox" required="false" /><dsml:attribute ref="#postalAddress" required="false" /><dsml:attribute ref="#postalCode" required="false" /><dsml:attribute ref="#seeAlso" required="false" /><dsml:attribute ref="#st" required="false" /><dsml:attribute ref="#street" required="false" /><dsml:attribute ref="#telephoneNumber" required="false" /></dsml:class><dsml:attribute-type id="assistant" single-value="true"><dsml:name>assistant</dsml:name><dsml:syntax>1.3.6.1.4.1.1466.115.121.1.12</dsml:syntax></dsml:attribute-type><dsml:attribute-type id="c" single-value="true" ms-dsml:indexable="true"><dsml:name>c</dsml:name><dsml:syntax>1.3.6.1.4.1.1466.115.121.1.15</dsml:syntax></dsml:attribute-type><dsml:attribute-type id="cn" single-value="true" ms-dsml:indexable="true"><dsml:name>cn</dsml:name><dsml:syntax>1.3.6.1.4.1.1466.115.121.1.15</dsml:syntax></dsml:attribute-type><dsml:attribute-type id="co" single-value="true" ms-dsml:indexable="true"><dsml:name>co</dsml:name><dsml:syntax>1.3.6.1.4.1.1466.115.121.1.15</dsml:syntax></dsml:attribute-type><dsml:attribute-type id="comment" single-value="true" ms-dsml:indexable="true"><dsml:name>comment</dsml:name><dsml:syntax>1.3.6.1.4.1.1466.115.121.1.15</dsml:syntax></dsml:attribute-type><dsml:attribute-type id="company" single-value="true" ms-dsml:indexable="true"><dsml:name>company</dsml:name><dsml:syntax>1.3.6.1.4.1.1466.115.121.1.15</dsml:syntax></dsml:attribute-type><dsml:attribute-type id="dc" single-value="true" ms-dsml:indexable="true"><dsml:name>dc</dsml:name><dsml:syntax>1.3.6.1.4.1.1466.115.121.1.15</dsml:syntax></dsml:attribute-type><dsml:attribute-type id="department" single-value="true" ms-dsml:indexable="true"><dsml:name>department</dsml:name><dsml:syntax>1.3.6.1.4.1.1466.115.121.1.15</dsml:syntax></dsml:attribute-type><dsml:attribute-type id="description" single-value="true" ms-dsml:indexable="true"><dsml:name>description</dsml:name><dsml:syntax>1.3.6.1.4.1.1466.115.121.1.15</dsml:syntax></dsml:attribute-type><dsml:attribute-type id="displayName" single-value="true" ms-dsml:indexable="true" ms-dsml:indexed="true"><dsml:name>displayName</dsml:name><dsml:syntax>1.3.6.1.4.1.1466.115.121.1.15</dsml:syntax></dsml:attribute-type><dsml:attribute-type id="division" single-value="true" ms-dsml:indexable="true"><dsml:name>division</dsml:name><dsml:syntax>1.3.6.1.4.1.1466.115.121.1.15</dsml:syntax></dsml:attribute-type><dsml:attribute-type id="employeeID" single-value="true" ms-dsml:indexable="true" ms-dsml:indexed="true"><dsml:name>employeeID</dsml:name><dsml:syntax>1.3.6.1.4.1.1466.115.121.1.15</dsml:syntax></dsml:attribute-type><dsml:attribute-type id="employeeStatus" single-value="true" ms-dsml:indexable="true"><dsml:name>employeeStatus</dsml:name><dsml:syntax>1.3.6.1.4.1.1466.115.121.1.15</dsml:syntax></dsml:attribute-type><dsml:attribute-type id="employeeType" single-value="true" ms-dsml:indexable="true"><dsml:name>employeeType</dsml:name><dsml:syntax>1.3.6.1.4.1.1466.115.121.1.15</dsml:syntax></dsml:attribute-type><dsml:attribute-type id="facsimileTelephoneNumber" single-value="true" ms-dsml:indexable="true"><dsml:name>facsimileTelephoneNumber</dsml:name><dsml:syntax>1.3.6.1.4.1.1466.115.121.1.15</dsml:syntax></dsml:attribute-type><dsml:attribute-type id="generationQualifier" single-value="true" ms-dsml:indexable="true"><dsml:name>generationQualifier</dsml:name><dsml:syntax>1.3.6.1.4.1.1466.115.121.1.15</dsml:syntax></dsml:attribute-type><dsml:attribute-type id="firstName" single-value="true" ms-dsml:indexable="true"><dsml:name>firstName</dsml:name><dsml:syntax>1.3.6.1.4.1.1466.115.121.1.15</dsml:syntax></dsml:attribute-type><dsml:attribute-type id="homePhone" single-value="true" ms-dsml:indexable="true"><dsml:name>homePhone</dsml:name><dsml:syntax>1.3.6.1.4.1.1466.115.121.1.15</dsml:syntax></dsml:attribute-type><dsml:attribute-type id="info" single-value="true" ms-dsml:indexable="true"><dsml:name>info</dsml:name><dsml:syntax>1.3.6.1.4.1.1466.115.121.1.15</dsml:syntax></dsml:attribute-type><dsml:attribute-type id="initials" single-value="true" ms-dsml:indexable="true"><dsml:name>initials</dsml:name><dsml:syntax>1.3.6.1.4.1.1466.115.121.1.15</dsml:syntax></dsml:attribute-type><dsml:attribute-type id="l" single-value="true" ms-dsml:indexable="true"><dsml:name>l</dsml:name><dsml:syntax>1.3.6.1.4.1.1466.115.121.1.15</dsml:syntax></dsml:attribute-type><dsml:attribute-type id="location" single-value="true" ms-dsml:indexable="true"><dsml:name>location</dsml:name><dsml:syntax>1.3.6.1.4.1.1466.115.121.1.15</dsml:syntax></dsml:attribute-type><dsml:attribute-type id="mail" single-value="true" ms-dsml:indexable="true"><dsml:name>mail</dsml:name><dsml:syntax>1.3.6.1.4.1.1466.115.121.1.15</dsml:syntax></dsml:attribute-type><dsml:attribute-type id="mailNickname" single-value="true" ms-dsml:indexable="true"><dsml:name>mailNickname</dsml:name><dsml:syntax>1.3.6.1.4.1.1466.115.121.1.15</dsml:syntax></dsml:attribute-type><dsml:attribute-type id="manager" single-value="true"><dsml:name>manager</dsml:name><dsml:syntax>1.3.6.1.4.1.1466.115.121.1.12</dsml:syntax></dsml:attribute-type><dsml:attribute-type id="member"><dsml:name>member</dsml:name><dsml:syntax>1.3.6.1.4.1.1466.115.121.1.12</dsml:syntax></dsml:attribute-type><dsml:attribute-type id="middleName" single-value="true" ms-dsml:indexable="true"><dsml:name>middleName</dsml:name><dsml:syntax>1.3.6.1.4.1.1466.115.121.1.15</dsml:syntax></dsml:attribute-type><dsml:attribute-type id="mobile" single-value="true" ms-dsml:indexable="true"><dsml:name>mobile</dsml:name><dsml:syntax>1.3.6.1.4.1.1466.115.121.1.15</dsml:syntax></dsml:attribute-type><dsml:attribute-type id="o" single-value="true" ms-dsml:indexable="true"><dsml:name>o</dsml:name><dsml:syntax>1.3.6.1.4.1.1466.115.121.1.15</dsml:syntax></dsml:attribute-type><dsml:attribute-type id="otherMailbox" ms-dsml:indexable="true" ms-dsml:indexed="true"><dsml:name>otherMailbox</dsml:name><dsml:syntax>1.3.6.1.4.1.1466.115.121.1.15</dsml:syntax></dsml:attribute-type><dsml:attribute-type id="ou" single-value="true" ms-dsml:indexable="true"><dsml:name>ou</dsml:name><dsml:syntax>1.3.6.1.4.1.1466.115.121.1.15</dsml:syntax></dsml:attribute-type><dsml:attribute-type id="pager" single-value="true" ms-dsml:indexable="true"><dsml:name>pager</dsml:name><dsml:syntax>1.3.6.1.4.1.1466.115.121.1.15</dsml:syntax></dsml:attribute-type><dsml:attribute-type id="personalTitle" single-value="true" ms-dsml:indexable="true"><dsml:name>personalTitle</dsml:name><dsml:syntax>1.3.6.1.4.1.1466.115.121.1.15</dsml:syntax></dsml:attribute-type><dsml:attribute-type id="physicalDeliveryOfficeName" single-value="true" ms-dsml:indexable="true"><dsml:name>physicalDeliveryOfficeName</dsml:name><dsml:syntax>1.3.6.1.4.1.1466.115.121.1.15</dsml:syntax></dsml:attribute-type><dsml:attribute-type id="postOfficeBox" single-value="true" ms-dsml:indexable="true"><dsml:name>postOfficeBox</dsml:name><dsml:syntax>1.3.6.1.4.1.1466.115.121.1.15</dsml:syntax></dsml:attribute-type><dsml:attribute-type id="postalAddress" single-value="true" ms-dsml:indexable="true"><dsml:name>postalAddress</dsml:name><dsml:syntax>1.3.6.1.4.1.1466.115.121.1.15</dsml:syntax></dsml:attribute-type><dsml:attribute-type id="postalCode" single-value="true" ms-dsml:indexable="true"><dsml:name>postalCode</dsml:name><dsml:syntax>1.3.6.1.4.1.1466.115.121.1.15</dsml:syntax></dsml:attribute-type><dsml:attribute-type id="secretary" single-value="true"><dsml:name>secretary</dsml:name><dsml:syntax>1.3.6.1.4.1.1466.115.121.1.12</dsml:syntax></dsml:attribute-type><dsml:attribute-type id="seeAlso" single-value="true"><dsml:name>seeAlso</dsml:name><dsml:syntax>1.3.6.1.4.1.1466.115.121.1.12</dsml:syntax></dsml:attribute-type><dsml:attribute-type id="sn" single-value="true" ms-dsml:indexable="true"><dsml:name>sn</dsml:name><dsml:syntax>1.3.6.1.4.1.1466.115.121.1.15</dsml:syntax></dsml:attribute-type><dsml:attribute-type id="st" single-value="true" ms-dsml:indexable="true"><dsml:name>st</dsml:name><dsml:syntax>1.3.6.1.4.1.1466.115.121.1.15</dsml:syntax></dsml:attribute-type><dsml:attribute-type id="street" single-value="true" ms-dsml:indexable="true"><dsml:name>street</dsml:name><dsml:syntax>1.3.6.1.4.1.1466.115.121.1.15</dsml:syntax></dsml:attribute-type><dsml:attribute-type id="telephoneNumber" single-value="true" ms-dsml:indexable="true"><dsml:name>telephoneNumber</dsml:name><dsml:syntax>1.3.6.1.4.1.1466.115.121.1.15</dsml:syntax></dsml:attribute-type><dsml:attribute-type id="title" single-value="true" ms-dsml:indexable="true"><dsml:name>title</dsml:name><dsml:syntax>1.3.6.1.4.1.1466.115.121.1.15</dsml:syntax></dsml:attribute-type><dsml:attribute-type id="uid" single-value="true" ms-dsml:indexable="true"><dsml:name>uid</dsml:name><dsml:syntax>1.3.6.1.4.1.1466.115.121.1.15</dsml:syntax></dsml:attribute-type><dsml:attribute-type id="userCertificate"><dsml:name>userCertificate</dsml:name><dsml:syntax>1.3.6.1.4.1.1466.115.121.1.5</dsml:syntax></dsml:attribute-type><dsml:attribute-type id="userSMIMECertificate"><dsml:name>userSMIMECertificate</dsml:name><dsml:syntax>1.3.6.1.4.1.1466.115.121.1.5</dsml:syntax></dsml:attribute-type><!-- Additions for ILM2 --><dsml:attribute-type id="accountName" single-value="true" ms-dsml:indexable="true"><dsml:name>accountName</dsml:name><dsml:syntax>1.3.6.1.4.1.1466.115.121.1.15</dsml:syntax></dsml:attribute-type><dsml:attribute-type id="jobTitle" single-value="true" ms-dsml:indexable="true"><dsml:name>jobTitle</dsml:name><dsml:syntax>1.3.6.1.4.1.1466.115.121.1.15</dsml:syntax></dsml:attribute-type><dsml:attribute-type id="photo" single-value="true"><dsml:name>photo</dsml:name><dsml:syntax>1.3.6.1.4.1.1466.115.121.1.5</dsml:syntax></dsml:attribute-type><dsml:attribute-type id="officeLocation" single-value="true" ms-dsml:indexable="true"><dsml:name>officeLocation</dsml:name><dsml:syntax>1.3.6.1.4.1.1466.115.121.1.15</dsml:syntax></dsml:attribute-type><dsml:attribute-type id="address" single-value="true" ms-dsml:indexable="true"><dsml:name>address</dsml:name><dsml:syntax>1.3.6.1.4.1.1466.115.121.1.15</dsml:syntax></dsml:attribute-type><dsml:attribute-type id="country" single-value="true" ms-dsml:indexable="true"><dsml:name>country</dsml:name><dsml:syntax>1.3.6.1.4.1.1466.115.121.1.15</dsml:syntax></dsml:attribute-type><dsml:attribute-type id="lastName" single-value="true" ms-dsml:indexable="true"><dsml:name>lastName</dsml:name><dsml:syntax>1.3.6.1.4.1.1466.115.121.1.15</dsml:syntax></dsml:attribute-type><dsml:attribute-type id="email" single-value="true" ms-dsml:indexable="true"><dsml:name>email</dsml:name><dsml:syntax>1.3.6.1.4.1.1466.115.121.1.15</dsml:syntax></dsml:attribute-type><dsml:attribute-type id="officePhone" single-value="true" ms-dsml:indexable="true"><dsml:name>officePhone</dsml:name><dsml:syntax>1.3.6.1.4.1.1466.115.121.1.15</dsml:syntax></dsml:attribute-type><dsml:attribute-type id="officeFax" single-value="true" ms-dsml:indexable="true"><dsml:name>officeFax</dsml:name><dsml:syntax>1.3.6.1.4.1.1466.115.121.1.15</dsml:syntax></dsml:attribute-type><dsml:attribute-type id="domain" single-value="true" ms-dsml:indexable="true"><dsml:name>domain</dsml:name><dsml:syntax>1.3.6.1.4.1.1466.115.121.1.15</dsml:syntax></dsml:attribute-type><dsml:attribute-type id="mobilePhone" single-value="true" ms-dsml:indexable="true"><dsml:name>mobilePhone</dsml:name><dsml:syntax>1.3.6.1.4.1.1466.115.121.1.15</dsml:syntax></dsml:attribute-type><dsml:attribute-type id="city" single-value="true" ms-dsml:indexable="true"><dsml:name>city</dsml:name><dsml:syntax>1.3.6.1.4.1.1466.115.121.1.15</dsml:syntax></dsml:attribute-type><dsml:attribute-type id="costCenter" single-value="true" ms-dsml:indexable="true"><dsml:name>costCenter</dsml:name><dsml:syntax>1.3.6.1.4.1.1466.115.121.1.15</dsml:syntax></dsml:attribute-type><dsml:attribute-type id="costCenterName" single-value="true" ms-dsml:indexable="true"><dsml:name>costCenterName</dsml:name><dsml:syntax>1.3.6.1.4.1.1466.115.121.1.15</dsml:syntax></dsml:attribute-type><dsml:attribute-type id="employeeStartDate" single-value="true" ms-dsml:indexable="true"><dsml:name>employeeStartDate</dsml:name><dsml:syntax>1.3.6.1.4.1.1466.115.121.1.15</dsml:syntax></dsml:attribute-type><dsml:attribute-type id="employeeEndDate" single-value="true" ms-dsml:indexable="true"><dsml:name>employeeEndDate</dsml:name><dsml:syntax>1.3.6.1.4.1.1466.115.121.1.15</dsml:syntax></dsml:attribute-type><dsml:attribute-type id="owner" single-value="false"><dsml:name>owner</dsml:name><dsml:syntax>1.3.6.1.4.1.1466.115.121.1.12</dsml:syntax></dsml:attribute-type><dsml:attribute-type id="type" single-value="true" ms-dsml:indexable="true"><dsml:name>type</dsml:name><dsml:syntax>1.3.6.1.4.1.1466.115.121.1.15</dsml:syntax></dsml:attribute-type><dsml:attribute-type id="scope" single-value="true" ms-dsml:indexable="true"><dsml:name>scope</dsml:name><dsml:syntax>1.3.6.1.4.1.1466.115.121.1.15</dsml:syntax></dsml:attribute-type><dsml:attribute-type id="membershipLocked" single-value="true"><dsml:name>membershipLocked</dsml:name><dsml:syntax>1.3.6.1.4.1.1466.115.121.1.7</dsml:syntax></dsml:attribute-type><dsml:attribute-type id="givenName" single-value="true" ms-dsml:indexable="true"><dsml:name>givenName</dsml:name><dsml:syntax>1.3.6.1.4.1.1466.115.121.1.15</dsml:syntax></dsml:attribute-type><dsml:attribute-type id="loginName" single-value="true" ms-dsml:indexable="true"><dsml:name>loginName</dsml:name><dsml:syntax>1.3.6.1.4.1.1466.115.121.1.15</dsml:syntax></dsml:attribute-type><dsml:attribute-type id="creator" single-value="true"><dsml:name>creator</dsml:name><dsml:syntax>1.3.6.1.4.1.1466.115.121.1.12</dsml:syntax></dsml:attribute-type><dsml:attribute-type id="deleteTime" single-value="true" ms-dsml:indexable="true"><dsml:name>deleteTime</dsml:name><dsml:syntax>1.3.6.1.4.1.1466.115.121.1.15</dsml:syntax></dsml:attribute-type><dsml:attribute-type id="expirationTime" single-value="true" ms-dsml:indexable="true"><dsml:name>expirationTime</dsml:name><dsml:syntax>1.3.6.1.4.1.1466.115.121.1.15</dsml:syntax></dsml:attribute-type><dsml:attribute-type id="memberFilter" single-value="true" ms-dsml:indexable="false"><dsml:name>memberFilter</dsml:name><dsml:syntax>1.3.6.1.4.1.1466.115.121.1.15</dsml:syntax></dsml:attribute-type><dsml:attribute-type id="membershipAddWorkflow" single-value="true" ms-dsml:indexable="true"><dsml:name>membershipAddWorkflow</dsml:name><dsml:syntax>1.3.6.1.4.1.1466.115.121.1.15</dsml:syntax></dsml:attribute-type><dsml:attribute-type id="temporal" single-value="true"><dsml:name>temporal</dsml:name><dsml:syntax>1.3.6.1.4.1.1466.115.121.1.7</dsml:syntax></dsml:attribute-type><dsml:attribute-type id="objectID" single-value="true"><dsml:name>objectID</dsml:name><dsml:syntax>1.3.6.1.4.1.1466.115.121.1.15</dsml:syntax></dsml:attribute-type><dsml:attribute-type id="objectType" single-value="true" ms-dsml:indexable="true"><dsml:name>objectType</dsml:name><dsml:syntax>1.3.6.1.4.1.1466.115.121.1.15</dsml:syntax></dsml:attribute-type><dsml:attribute-type id="ad_UserCannotChangePassword" single-value="true"><dsml:name>ad_UserCannotChangePassword</dsml:name><dsml:syntax>1.3.6.1.4.1.1466.115.121.1.7</dsml:syntax></dsml:attribute-type><dsml:attribute-type id="authNWFLockedOut"><dsml:name>authNWFLockedOut</dsml:name><dsml:syntax>1.3.6.1.4.1.1466.115.121.1.12</dsml:syntax></dsml:attribute-type><dsml:attribute-type id="authNWFRegistered"><dsml:name>authNWFRegistered</dsml:name><dsml:syntax>1.3.6.1.4.1.1466.115.121.1.12</dsml:syntax></dsml:attribute-type><dsml:attribute-type id="freezeCount" single-value="true"><dsml:name>freezeCount</dsml:name><dsml:syntax>1.3.6.1.4.1.1466.115.121.1.27</dsml:syntax></dsml:attribute-type><dsml:attribute-type id="freezeLevel" single-value="true" ms-dsml:indexable="true"><dsml:name>freezeLevel</dsml:name><dsml:syntax>1.3.6.1.4.1.1466.115.121.1.15</dsml:syntax></dsml:attribute-type><dsml:attribute-type id="lastResetAttemptTime" single-value="true" ms-dsml:indexable="true"><dsml:name>lastResetAttemptTime</dsml:name><dsml:syntax>1.3.6.1.4.1.1466.115.121.1.15</dsml:syntax></dsml:attribute-type><dsml:attribute-type id="proxyAddressCollection" ms-dsml:indexed="true" ms-dsml:indexable="true"><dsml:name>proxyAddressCollection</dsml:name><dsml:syntax>1.3.6.1.4.1.1466.115.121.1.15</dsml:syntax></dsml:attribute-type><dsml:attribute-type id="register" single-value="true"><dsml:name>register</dsml:name><dsml:syntax>1.3.6.1.4.1.1466.115.121.1.7</dsml:syntax></dsml:attribute-type><dsml:attribute-type id="registrationRequired" single-value="true"><dsml:name>registrationRequired</dsml:name><dsml:syntax>1.3.6.1.4.1.1466.115.121.1.7</dsml:syntax></dsml:attribute-type><dsml:attribute-type id="resetPassword" single-value="true" ms-dsml:indexable="true"><dsml:name>resetPassword</dsml:name><dsml:syntax>1.3.6.1.4.1.1466.115.121.1.15</dsml:syntax></dsml:attribute-type><dsml:attribute-type id="createdTime" single-value="true" ms-dsml:indexable="true"><dsml:name>createdTime</dsml:name><dsml:syntax>1.3.6.1.4.1.1466.115.121.1.15</dsml:syntax></dsml:attribute-type><dsml:attribute-type id="csObjectID" single-value="true" ms-dsml:indexable="true"><dsml:name>csObjectID</dsml:name><dsml:syntax>1.3.6.1.4.1.1466.115.121.1.15</dsml:syntax></dsml:attribute-type><dsml:attribute-type id="assembly" single-value="true"><dsml:name>assembly</dsml:name><dsml:syntax>1.3.6.1.4.1.1466.115.121.1.15</dsml:syntax></dsml:attribute-type><dsml:attribute-type id="connectedObjectType" single-value="true"><dsml:name>connectedObjectType</dsml:name><dsml:syntax>1.3.6.1.4.1.1466.115.121.1.15</dsml:syntax></dsml:attribute-type><dsml:attribute-type id="connectedSystem" single-value="true"><dsml:name>connectedSystem</dsml:name><dsml:syntax>1.3.6.1.4.1.1466.115.121.1.15</dsml:syntax></dsml:attribute-type><dsml:attribute-type id="connectedSystemScope" single-value="true"><dsml:name>connectedSystemScope</dsml:name><dsml:syntax>1.3.6.1.4.1.1466.115.121.1.15</dsml:syntax></dsml:attribute-type><dsml:attribute-type id="msidmOutboundScopingFilters" single-value="true"><dsml:name>msidmOutboundScopingFilters</dsml:name><dsml:syntax>1.3.6.1.4.1.1466.115.121.1.15</dsml:syntax></dsml:attribute-type><dsml:attribute-type id="createConnectedSystemObject" single-value="true"><dsml:name>createConnectedSystemObject</dsml:name><dsml:syntax>1.3.6.1.4.1.1466.115.121.1.7</dsml:syntax></dsml:attribute-type><dsml:attribute-type id="createILMObject" single-value="true"><dsml:name>createILMObject</dsml:name><dsml:syntax>1.3.6.1.4.1.1466.115.121.1.7</dsml:syntax></dsml:attribute-type><dsml:attribute-type id="disconnectConnectedSystemObject" single-value="true"><dsml:name>disconnectConnectedSystemObject</dsml:name><dsml:syntax>1.3.6.1.4.1.1466.115.121.1.7</dsml:syntax></dsml:attribute-type><dsml:attribute-type id="dependency" single-value="true"><dsml:name>dependency</dsml:name><dsml:syntax>1.3.6.1.4.1.1466.115.121.1.12</dsml:syntax></dsml:attribute-type><dsml:attribute-type id="detectedRulesList" single-value="false"><dsml:name>detectedRulesList</dsml:name><dsml:syntax>1.3.6.1.4.1.1466.115.121.1.12</dsml:syntax></dsml:attribute-type><dsml:attribute-type id="existenceTest" single-value="false"><dsml:name>existenceTest</dsml:name><dsml:syntax>1.3.6.1.4.1.1466.115.121.1.15</dsml:syntax></dsml:attribute-type><dsml:attribute-type id="expectedRulesList" single-value="false"><dsml:name>expectedRulesList</dsml:name><dsml:syntax>1.3.6.1.4.1.1466.115.121.1.12</dsml:syntax></dsml:attribute-type><dsml:attribute-type id="expectedRuleEntryAction" single-value="true"><dsml:name>expectedRuleEntryAction</dsml:name><dsml:syntax>1.3.6.1.4.1.1466.115.121.1.15</dsml:syntax></dsml:attribute-type><dsml:attribute-type id="flowType" single-value="true"><dsml:name>flowType</dsml:name><dsml:syntax>1.3.6.1.4.1.1466.115.121.1.27</dsml:syntax></dsml:attribute-type><dsml:attribute-type id="functionName" single-value="true"><dsml:name>functionName</dsml:name><dsml:syntax>1.3.6.1.4.1.1466.115.121.1.15</dsml:syntax></dsml:attribute-type><dsml:attribute-type id="functionParameters" single-value="true"><dsml:name>functionParameters</dsml:name><dsml:syntax>1.3.6.1.4.1.1466.115.121.1.15</dsml:syntax></dsml:attribute-type><dsml:attribute-type id="ilmObjectType" single-value="true"><dsml:name>ilmObjectType</dsml:name><dsml:syntax>1.3.6.1.4.1.1466.115.121.1.15</dsml:syntax></dsml:attribute-type><dsml:attribute-type id="initialFlow" single-value="false"><dsml:name>initialFlow</dsml:name><dsml:syntax>1.3.6.1.4.1.1466.115.121.1.15</dsml:syntax></dsml:attribute-type><dsml:attribute-type id="msidmOutboundIsFilterBased" single-value="true"><dsml:name>msidmOutboundIsFilterBased</dsml:name><dsml:syntax>1.3.6.1.4.1.1466.115.121.1.7</dsml:syntax></dsml:attribute-type><dsml:attribute-type id="namespace" single-value="true"><dsml:name>namespace</dsml:name><dsml:syntax>1.3.6.1.4.1.1466.115.121.1.15</dsml:syntax></dsml:attribute-type><dsml:attribute-type id="persistentFlow" single-value="false"><dsml:name>persistentFlow</dsml:name><dsml:syntax>1.3.6.1.4.1.1466.115.121.1.15</dsml:syntax></dsml:attribute-type><dsml:attribute-type id="precedence" single-value="true"><dsml:name>precedence</dsml:name><dsml:syntax>1.3.6.1.4.1.1466.115.121.1.27</dsml:syntax></dsml:attribute-type><dsml:attribute-type id="relationshipCriteria" single-value="true"><dsml:name>relationshipCriteria</dsml:name><dsml:syntax>1.3.6.1.4.1.1466.115.121.1.15</dsml:syntax></dsml:attribute-type><dsml:attribute-type id="returnType" single-value="true"><dsml:name>returnType</dsml:name><dsml:syntax>1.3.6.1.4.1.1466.115.121.1.15</dsml:syntax></dsml:attribute-type><dsml:attribute-type id="synchronizationRuleData" single-value="false"><dsml:name>synchronizationRuleData</dsml:name><dsml:syntax>1.3.6.1.4.1.1466.115.121.1.15</dsml:syntax></dsml:attribute-type><dsml:attribute-type id="synchronizationRuleID" single-value="true"><dsml:name>synchronizationRuleID</dsml:name><dsml:syntax>1.3.6.1.4.1.1466.115.121.1.12</dsml:syntax></dsml:attribute-type><dsml:attribute-type id="status" ms-dsml:indexable="true" single-value="true"><dsml:name>status</dsml:name><dsml:syntax>1.3.6.1.4.1.1466.115.121.1.15</dsml:syntax></dsml:attribute-type><dsml:attribute-type id="statusError" single-value="true"><dsml:name>statusError</dsml:name><dsml:syntax>1.3.6.1.4.1.1466.115.121.1.15</dsml:syntax></dsml:attribute-type><dsml:attribute-type id="synchronizationRuleParameters" single-value="false"><dsml:name>synchronizationRuleParameters</dsml:name><dsml:syntax>1.3.6.1.4.1.1466.115.121.1.15</dsml:syntax></dsml:attribute-type><dsml:attribute-type id="displayedOwner" single-value="true"><dsml:name>displayedOwner</dsml:name><dsml:syntax>1.3.6.1.4.1.1466.115.121.1.12</dsml:syntax></dsml:attribute-type><dsml:attribute-type id="connector" single-value="true"><dsml:name>connector</dsml:name><dsml:syntax>1.3.6.1.4.1.1466.115.121.1.15</dsml:syntax></dsml:attribute-type><dsml:attribute-type id="resourceParent" single-value="true"><dsml:name>resourceParent</dsml:name><dsml:syntax>1.3.6.1.4.1.1466.115.121.1.12</dsml:syntax></dsml:attribute-type><dsml:attribute-type id="objectSid" single-value="true" ms-dsml:indexable="true"><dsml:name>objectSid</dsml:name><dsml:syntax>1.3.6.1.4.1.1466.115.121.1.5</dsml:syntax></dsml:attribute-type><dsml:attribute-type id="sIDHistory" single-value="false" ms-dsml:indexable="false"><dsml:name>sIDHistory</dsml:name><dsml:syntax>1.3.6.1.4.1.1466.115.121.1.5</dsml:syntax></dsml:attribute-type><dsml:attribute-type id="ParentID" single-value="true" ms-dsml:indexable="true"><dsml:name>ParentID</dsml:name><dsml:syntax>1.3.6.1.4.1.1466.115.121.1.15</dsml:syntax></dsml:attribute-type><dsml:attribute-type id="orgUnit" single-value="true" ms-dsml:indexable="true"><dsml:name>orgUnit</dsml:name><dsml:syntax>1.3.6.1.4.1.1466.115.121.1.15</dsml:syntax></dsml:attribute-type></dsml:directory-schema></dsml:dsml>
 </schema>
 <import-attribute-flow><import-flow-set mv-object-type="organization"><import-flows mv-attribute="ParentID" type="ranked"><import-flow src-ma="{0C3357F1-FAD7-4E1E-88E2-A9CFCFE67491}" cd-object-type="organization" id="{7AD1B168-008F-47A9-84BE-5AF445879597}"><direct-mapping><src-attribute>ParentID</src-attribute></direct-mapping></import-flow></import-flows><import-flows mv-attribute="displayName" type="ranked"><import-flow src-ma="{0C3357F1-FAD7-4E1E-88E2-A9CFCFE67491}" cd-object-type="organization" id="{8DA85790-EDA3-4025-9921-6137873E1334}"><direct-mapping><src-attribute>OrgUnitID</src-attribute></direct-mapping></import-flow></import-flows><import-flows mv-attribute="o" type="ranked"><import-flow src-ma="{0C3357F1-FAD7-4E1E-88E2-A9CFCFE67491}" cd-object-type="organization" id="{1369690C-AFAC-4F63-93AD-C1BFD661A04A}"><direct-mapping><src-attribute>OrgUnitID</src-attribute></direct-mapping></import-flow></import-flows></import-flow-set><import-flow-set mv-object-type="person"><import-flows mv-attribute="employeeStartDate" type="ranked"><import-flow src-ma="{3126363E-CD92-4CD3-A05A-ABC342CDEB6D}" cd-object-type="person" id="{880B98E8-E543-47E5-84F6-07F1EE3834AB}"><sync-rule-mapping mapping-type="direct" sync-rule-id="{76D29E94-61F8-E111-8BF8-00155DDCA745}" sync-rule-mapping-id="{48D5A2D9-A056-4B94-9B71-CC70981C16A7}" initial-flow-only="false" is-existence-test="false"><src-attribute>EmployeeStartDate</src-attribute></sync-rule-mapping></import-flow></import-flows><import-flows mv-attribute="address" type="ranked"><import-flow src-ma="{3126363E-CD92-4CD3-A05A-ABC342CDEB6D}" cd-object-type="person" id="{B5523CDF-6FC9-40E1-9C42-68BE2A06DF74}"><sync-rule-mapping mapping-type="direct" sync-rule-id="{76D29E94-61F8-E111-8BF8-00155DDCA745}" sync-rule-mapping-id="{573723BB-7BC1-4AEF-9166-9DB4BD5C0B8C}" initial-flow-only="false" is-existence-test="false"><src-attribute>Address</src-attribute></sync-rule-mapping></import-flow><import-flow src-ma="{B26849CC-16CD-4DDA-9D06-72A342B8060E}" cd-object-type="Person" id="{B93CAA08-4688-45FB-80E3-69CFA3A5B92B}"><direct-mapping><src-attribute>Address</src-attribute></direct-mapping></import-flow></import-flows><import-flows mv-attribute="domain" type="ranked"><import-flow src-ma="{A888E33C-C78A-4A39-B24F-C4599C9C2FE7}" cd-object-type="user" id="{D168E059-7F0A-4DBB-9340-1D11F6391ED8}"><sync-rule-mapping mapping-type="constant" sync-rule-id="{75D29E94-61F8-E111-8BF8-00155DDCA745}" sync-rule-mapping-id="{91BF1285-DCA7-4CB7-835F-319F62F3A471}" initial-flow-only="false" is-existence-test="false"><sync-rule-value>CONTOSO</sync-rule-value></sync-rule-mapping></import-flow><import-flow src-ma="{B26849CC-16CD-4DDA-9D06-72A342B8060E}" cd-object-type="Person" id="{A9D3244B-B530-4BBC-B36B-8AF9EC2FD54D}"><direct-mapping><src-attribute>Domain</src-attribute></direct-mapping></import-flow></import-flows><import-flows mv-attribute="objectSid" type="ranked"><import-flow src-ma="{A888E33C-C78A-4A39-B24F-C4599C9C2FE7}" cd-object-type="user" id="{8ACA1976-5B4D-45A0-A303-A8184943BA7A}"><sync-rule-mapping mapping-type="direct" sync-rule-id="{75D29E94-61F8-E111-8BF8-00155DDCA745}" sync-rule-mapping-id="{5E79CD3E-A923-4630-81DA-C1C45E3D0B30}" initial-flow-only="false" is-existence-test="false"><src-attribute>objectSid</src-attribute></sync-rule-mapping></import-flow></import-flows><import-flows mv-attribute="mail" type="ranked"><import-flow src-ma="{A888E33C-C78A-4A39-B24F-C4599C9C2FE7}" cd-object-type="user" id="{B07C113E-4372-4E68-88D2-C9A7668408F2}"><sync-rule-mapping mapping-type="direct" sync-rule-id="{75D29E94-61F8-E111-8BF8-00155DDCA745}" sync-rule-mapping-id="{8DDAF154-A439-4523-BCDC-4071D144FCE2}" initial-flow-only="false" is-existence-test="false"><src-attribute>mail</src-attribute></sync-rule-mapping></import-flow></import-flows><import-flows mv-attribute="expectedRulesList" type="ranked"><import-flow src-ma="{B26849CC-16CD-4DDA-9D06-72A342B8060E}" cd-object-type="Person" id="{493F469E-C7C1-43FE-B2AA-2A88AAC62001}"><direct-mapping><src-attribute>ExpectedRulesList</src-attribute></direct-mapping></import-flow></import-flows><import-flows mv-attribute="csObjectID" type="ranked"><import-flow src-ma="{B26849CC-16CD-4DDA-9D06-72A342B8060E}" cd-object-type="Person" id="{98E40E5D-A843-45F4-88D3-C281B95AEB8D}"><direct-mapping><src-attribute intrinsic="true">dn</src-attribute></direct-mapping></import-flow></import-flows><import-flows mv-attribute="officeLocation" type="ranked"><import-flow src-ma="{3126363E-CD92-4CD3-A05A-ABC342CDEB6D}" cd-object-type="person" id="{B996DBBA-863F-46E6-A057-4CC5F9994604}"><sync-rule-mapping mapping-type="direct" sync-rule-id="{76D29E94-61F8-E111-8BF8-00155DDCA745}" sync-rule-mapping-id="{709F1B9E-F372-4470-A230-E4BEE879E46B}" initial-flow-only="false" is-existence-test="false"><src-attribute>Address</src-attribute></sync-rule-mapping></import-flow><import-flow src-ma="{B26849CC-16CD-4DDA-9D06-72A342B8060E}" cd-object-type="Person" id="{CEBB077C-677D-4963-827D-011B3EDA302A}"><direct-mapping><src-attribute>OfficeLocation</src-attribute></direct-mapping></import-flow></import-flows><import-flows mv-attribute="city" type="ranked"><import-flow src-ma="{3126363E-CD92-4CD3-A05A-ABC342CDEB6D}" cd-object-type="person" id="{1EAD6D84-D3EA-4C48-AC12-D7B8FE05A544}"><sync-rule-mapping mapping-type="direct" sync-rule-id="{76D29E94-61F8-E111-8BF8-00155DDCA745}" sync-rule-mapping-id="{93DB44CD-A853-45F6-A9AC-DD839A114339}" initial-flow-only="false" is-existence-test="false"><src-attribute>City</src-attribute></sync-rule-mapping></import-flow><import-flow src-ma="{B26849CC-16CD-4DDA-9D06-72A342B8060E}" cd-object-type="Person" id="{4DD1958B-6BF7-49EC-A759-DFB5A5F9E776}"><direct-mapping><src-attribute>City</src-attribute></direct-mapping></import-flow></import-flows><import-flows mv-attribute="orgUnit" type="ranked"><import-flow src-ma="{3126363E-CD92-4CD3-A05A-ABC342CDEB6D}" cd-object-type="person" id="{43034153-76E0-4983-9B74-2750C8C7A82E}"><sync-rule-mapping mapping-type="expression" sync-rule-id="{76D29E94-61F8-E111-8BF8-00155DDCA745}" sync-rule-mapping-id="{7AD74148-9419-46DC-92CB-DF7E22B47CEB}" initial-flow-only="false" is-existence-test="false"><src-attribute>City</src-attribute><src-attribute>Department</src-attribute><sync-rule-value><import-flow><src><attr>City</attr><attr>Department</attr></src><dest>orgUnit</dest><scoping></scoping><fn id="+" isCustomExpression="false"><arg>City</arg><arg>"-"</arg><arg>Department</arg></fn></import-flow></sync-rule-value></sync-rule-mapping></import-flow><import-flow src-ma="{B26849CC-16CD-4DDA-9D06-72A342B8060E}" cd-object-type="Person" id="{CE5234F3-70E5-45E3-B396-DA32E9DF386E}"><direct-mapping><src-attribute>OrgUnit</src-attribute></direct-mapping></import-flow></import-flows><import-flows mv-attribute="costCenter" type="ranked"><import-flow src-ma="{3126363E-CD92-4CD3-A05A-ABC342CDEB6D}" cd-object-type="person" id="{5F180925-567E-42DA-BEAC-A49C27E3C9AB}"><sync-rule-mapping mapping-type="direct" sync-rule-id="{76D29E94-61F8-E111-8BF8-00155DDCA745}" sync-rule-mapping-id="{6E62ED1A-DC63-40B4-84C1-806E5CFD54EB}" initial-flow-only="false" is-existence-test="false"><src-attribute>CostCenter</src-attribute></sync-rule-mapping></import-flow></import-flows><import-flows mv-attribute="costCenterName" type="ranked"><import-flow src-ma="{3126363E-CD92-4CD3-A05A-ABC342CDEB6D}" cd-object-type="person" id="{CE2B4C65-09DA-48D8-8046-F685C12165DC}"><sync-rule-mapping mapping-type="direct" sync-rule-id="{76D29E94-61F8-E111-8BF8-00155DDCA745}" sync-rule-mapping-id="{6C812BAD-F1FD-46D3-83CC-ACFFAFBE6256}" initial-flow-only="false" is-existence-test="false"><src-attribute>CostCenterName</src-attribute></sync-rule-mapping></import-flow></import-flows><import-flows mv-attribute="co" type="ranked"><import-flow src-ma="{3126363E-CD92-4CD3-A05A-ABC342CDEB6D}" cd-object-type="person" id="{F8683393-833C-49A9-9D4F-0773FDD86050}"><sync-rule-mapping mapping-type="direct" sync-rule-id="{76D29E94-61F8-E111-8BF8-00155DDCA745}" sync-rule-mapping-id="{4AAAAECC-0946-4F64-9DDA-BE352A0243C3}" initial-flow-only="false" is-existence-test="false"><src-attribute>Country</src-attribute></sync-rule-mapping></import-flow><import-flow src-ma="{B26849CC-16CD-4DDA-9D06-72A342B8060E}" cd-object-type="Person" id="{662C9123-9907-4245-A43F-A6F8B27BE796}"><direct-mapping><src-attribute>Country</src-attribute></direct-mapping></import-flow></import-flows><import-flows mv-attribute="department" type="ranked"><import-flow src-ma="{3126363E-CD92-4CD3-A05A-ABC342CDEB6D}" cd-object-type="person" id="{A784B516-5164-4DF6-A818-DCDC73E7C784}"><sync-rule-mapping mapping-type="direct" sync-rule-id="{76D29E94-61F8-E111-8BF8-00155DDCA745}" sync-rule-mapping-id="{2250C33E-0881-4927-AE07-E7393F2D8240}" initial-flow-only="false" is-existence-test="false"><src-attribute>Department</src-attribute></sync-rule-mapping></import-flow><import-flow src-ma="{B26849CC-16CD-4DDA-9D06-72A342B8060E}" cd-object-type="Person" id="{5D7E9073-804B-43C2-8C2D-44B66A25DDD6}"><direct-mapping><src-attribute>Department</src-attribute></direct-mapping></import-flow></import-flows><import-flows mv-attribute="employeeID" type="ranked"><import-flow src-ma="{3126363E-CD92-4CD3-A05A-ABC342CDEB6D}" cd-object-type="person" id="{D632C067-09A4-4F0E-8B42-F271D28EF8F7}"><sync-rule-mapping mapping-type="direct" sync-rule-id="{76D29E94-61F8-E111-8BF8-00155DDCA745}" sync-rule-mapping-id="{1FE8840A-506D-49A8-B216-E9096F5F1923}" initial-flow-only="false" is-existence-test="false"><src-attribute>EmployeeID</src-attribute></sync-rule-mapping></import-flow><import-flow src-ma="{B26849CC-16CD-4DDA-9D06-72A342B8060E}" cd-object-type="Person" id="{F97A1FF8-97DF-473D-9814-8F0ED84DA224}"><direct-mapping><src-attribute>EmployeeID</src-attribute></direct-mapping></import-flow></import-flows><import-flows mv-attribute="employeeStatus" type="ranked"><import-flow src-ma="{3126363E-CD92-4CD3-A05A-ABC342CDEB6D}" cd-object-type="person" id="{834A3015-9754-4654-A081-DED441D218FF}"><sync-rule-mapping mapping-type="direct" sync-rule-id="{76D29E94-61F8-E111-8BF8-00155DDCA745}" sync-rule-mapping-id="{D67BFC26-66BA-4C81-8CCC-8CB92CFF3850}" initial-flow-only="false" is-existence-test="false"><src-attribute>EmployeeStatus</src-attribute></sync-rule-mapping></import-flow><import-flow src-ma="{B26849CC-16CD-4DDA-9D06-72A342B8060E}" cd-object-type="Person" id="{D0FA7490-F0FA-4D35-833D-F4D9FD97B912}"><direct-mapping><src-attribute>EmployeeStatus</src-attribute></direct-mapping></import-flow></import-flows><import-flows mv-attribute="employeeType" type="ranked"><import-flow src-ma="{3126363E-CD92-4CD3-A05A-ABC342CDEB6D}" cd-object-type="person" id="{5C188235-6794-47B0-BA01-FB431CB309D8}"><sync-rule-mapping mapping-type="direct" sync-rule-id="{76D29E94-61F8-E111-8BF8-00155DDCA745}" sync-rule-mapping-id="{6133EFFD-AAEB-400B-B9AA-C83DDF91FBEC}" initial-flow-only="false" is-existence-test="false"><src-attribute>EmployeeType</src-attribute></sync-rule-mapping></import-flow><import-flow src-ma="{B26849CC-16CD-4DDA-9D06-72A342B8060E}" cd-object-type="Person" id="{C9B211AD-50F6-4F1F-AE4E-2EF0966F594E}"><direct-mapping><src-attribute>EmployeeType</src-attribute></direct-mapping></import-flow></import-flows><import-flows mv-attribute="firstName" type="ranked"><import-flow src-ma="{3126363E-CD92-4CD3-A05A-ABC342CDEB6D}" cd-object-type="person" id="{AEDA4BC1-94C3-46A9-83FB-21E9FFE4E4C1}"><sync-rule-mapping mapping-type="direct" sync-rule-id="{76D29E94-61F8-E111-8BF8-00155DDCA745}" sync-rule-mapping-id="{049669BB-7B0A-46DC-A0DF-A09F21ED949A}" initial-flow-only="false" is-existence-test="false"><src-attribute>Firstname</src-attribute></sync-rule-mapping></import-flow><import-flow src-ma="{B26849CC-16CD-4DDA-9D06-72A342B8060E}" cd-object-type="Person" id="{9D17D362-BB3B-4FD1-AA20-F857CD3B3CD4}"><direct-mapping><src-attribute>FirstName</src-attribute></direct-mapping></import-flow></import-flows><import-flows mv-attribute="accountName" type="ranked"><import-flow src-ma="{3126363E-CD92-4CD3-A05A-ABC342CDEB6D}" cd-object-type="person" id="{755E7113-710F-43C3-BE7B-19C692D29C3A}"><sync-rule-mapping mapping-type="expression" sync-rule-id="{76D29E94-61F8-E111-8BF8-00155DDCA745}" sync-rule-mapping-id="{0FDC7EF3-125A-4AE2-83D0-77F75A48CCE5}" initial-flow-only="false" is-existence-test="false"><src-attribute>Firstname</src-attribute><src-attribute>LastName</src-attribute><sync-rule-value><import-flow><src><attr>Firstname</attr><attr>LastName</attr></src><dest>accountName</dest><scoping></scoping><fn id="+" isCustomExpression="false"><arg>Firstname</arg><arg>LastName</arg></fn></import-flow></sync-rule-value></sync-rule-mapping></import-flow><import-flow src-ma="{B26849CC-16CD-4DDA-9D06-72A342B8060E}" cd-object-type="Person" id="{27E71AED-1174-4BBC-B272-5884C984F16B}"><direct-mapping><src-attribute>AccountName</src-attribute></direct-mapping></import-flow></import-flows><import-flows mv-attribute="displayName" type="ranked"><import-flow src-ma="{3126363E-CD92-4CD3-A05A-ABC342CDEB6D}" cd-object-type="person" id="{7A8A3C68-67BB-4E95-ABD4-B761713CDD9E}"><sync-rule-mapping mapping-type="expression" sync-rule-id="{76D29E94-61F8-E111-8BF8-00155DDCA745}" sync-rule-mapping-id="{8396FA39-7CD5-4957-BE1A-F890D776D4DC}" initial-flow-only="false" is-existence-test="false"><src-attribute>MiddleName</src-attribute><src-attribute>Firstname</src-attribute><src-attribute>LastName</src-attribute><sync-rule-value><import-flow><src><attr>MiddleName</attr><attr>Firstname</attr><attr>LastName</attr></src><dest>displayName</dest><scoping></scoping><fn id="IIF" isCustomExpression="false"><arg><fn id="IsPresent" isCustomExpression="true"><arg>MiddleName</arg></fn></arg><arg><fn id="+" isCustomExpression="true"><arg>Firstname</arg><arg>" "</arg><arg><fn id="Left" isCustomExpression="false"><arg>MiddleName</arg><arg>1</arg></fn></arg><arg>". "</arg><arg>LastName</arg></fn></arg><arg><fn id="+" isCustomExpression="true"><arg>Firstname</arg><arg>" "</arg><arg>LastName</arg></fn></arg></fn></import-flow></sync-rule-value></sync-rule-mapping></import-flow><import-flow src-ma="{B26849CC-16CD-4DDA-9D06-72A342B8060E}" cd-object-type="Person" id="{E1CEB8AD-4842-4387-BC10-AD2DCFAB9F21}"><direct-mapping><src-attribute>DisplayName</src-attribute></direct-mapping></import-flow></import-flows><import-flows mv-attribute="jobTitle" type="ranked"><import-flow src-ma="{3126363E-CD92-4CD3-A05A-ABC342CDEB6D}" cd-object-type="person" id="{1F29E608-F782-4B96-A1E3-8B8BD8989F71}"><sync-rule-mapping mapping-type="direct" sync-rule-id="{76D29E94-61F8-E111-8BF8-00155DDCA745}" sync-rule-mapping-id="{B014E742-C320-4448-832A-35D589BAE976}" initial-flow-only="false" is-existence-test="false"><src-attribute>JobTitle</src-attribute></sync-rule-mapping></import-flow><import-flow src-ma="{B26849CC-16CD-4DDA-9D06-72A342B8060E}" cd-object-type="Person" id="{1F15DD94-5011-4F01-AA5A-22BFBD9ACB94}"><direct-mapping><src-attribute>JobTitle</src-attribute></direct-mapping></import-flow></import-flows><import-flows mv-attribute="lastName" type="ranked"><import-flow src-ma="{3126363E-CD92-4CD3-A05A-ABC342CDEB6D}" cd-object-type="person" id="{B339CE4C-BC3F-49E5-AEAE-60A6EC45B0E0}"><sync-rule-mapping mapping-type="direct" sync-rule-id="{76D29E94-61F8-E111-8BF8-00155DDCA745}" sync-rule-mapping-id="{A945042A-D5FA-40BC-BF89-07AC08196D34}" initial-flow-only="false" is-existence-test="false"><src-attribute>LastName</src-attribute></sync-rule-mapping></import-flow><import-flow src-ma="{B26849CC-16CD-4DDA-9D06-72A342B8060E}" cd-object-type="Person" id="{7E180905-6042-47F0-A2DB-B08A9F5A646D}"><direct-mapping><src-attribute>LastName</src-attribute></direct-mapping></import-flow></import-flows><import-flows mv-attribute="manager" type="ranked"><import-flow src-ma="{3126363E-CD92-4CD3-A05A-ABC342CDEB6D}" cd-object-type="person" id="{50A58B3A-517E-45A6-956F-3299ACB1F5A2}"><sync-rule-mapping mapping-type="direct" sync-rule-id="{76D29E94-61F8-E111-8BF8-00155DDCA745}" sync-rule-mapping-id="{0AA4110E-DF2D-4BA5-AC62-E16E780B8025}" initial-flow-only="false" is-existence-test="false"><src-attribute>Manager</src-attribute></sync-rule-mapping></import-flow><import-flow src-ma="{B26849CC-16CD-4DDA-9D06-72A342B8060E}" cd-object-type="Person" id="{5C557E5C-46FE-4C38-A317-F73636F44533}"><direct-mapping><src-attribute>Manager</src-attribute></direct-mapping></import-flow></import-flows><import-flows mv-attribute="mobile" type="ranked"><import-flow src-ma="{B26849CC-16CD-4DDA-9D06-72A342B8060E}" cd-object-type="Person" id="{E548313A-B317-4C1A-A673-F1787E1C6022}"><direct-mapping><src-attribute>MobilePhone</src-attribute></direct-mapping></import-flow><import-flow src-ma="{3126363E-CD92-4CD3-A05A-ABC342CDEB6D}" cd-object-type="person" id="{46472D0C-E1FB-4E20-A09A-9B1645AF5386}"><sync-rule-mapping mapping-type="direct" sync-rule-id="{76D29E94-61F8-E111-8BF8-00155DDCA745}" sync-rule-mapping-id="{13DDAF5B-1DD4-4847-B561-C4FE24FDA081}" initial-flow-only="false" is-existence-test="false"><src-attribute>MobilePhone</src-attribute></sync-rule-mapping></import-flow></import-flows><import-flows mv-attribute="postalCode" type="ranked"><import-flow src-ma="{3126363E-CD92-4CD3-A05A-ABC342CDEB6D}" cd-object-type="person" id="{7BD7E3FB-05E1-4AEE-A6BD-DB02DD7F34FE}"><sync-rule-mapping mapping-type="direct" sync-rule-id="{76D29E94-61F8-E111-8BF8-00155DDCA745}" sync-rule-mapping-id="{2693894C-FF4A-4CAC-A86F-B096652EF4C2}" initial-flow-only="false" is-existence-test="false"><src-attribute>Postcode</src-attribute></sync-rule-mapping></import-flow><import-flow src-ma="{B26849CC-16CD-4DDA-9D06-72A342B8060E}" cd-object-type="Person" id="{F17358A5-F17B-4DD3-BA2F-27295C743D66}"><direct-mapping><src-attribute>PostalCode</src-attribute></direct-mapping></import-flow></import-flows><import-flows mv-attribute="st" type="ranked"><import-flow src-ma="{3126363E-CD92-4CD3-A05A-ABC342CDEB6D}" cd-object-type="person" id="{21DE8035-DD5C-4CD0-A273-E5D9894F539C}"><sync-rule-mapping mapping-type="direct" sync-rule-id="{76D29E94-61F8-E111-8BF8-00155DDCA745}" sync-rule-mapping-id="{E238314B-A142-4023-9A6F-EFF4E1D08E17}" initial-flow-only="false" is-existence-test="false"><src-attribute>State</src-attribute></sync-rule-mapping></import-flow><import-flow src-ma="{B26849CC-16CD-4DDA-9D06-72A342B8060E}" cd-object-type="Person" id="{06812104-AE95-4A99-84DD-213E4099CB0F}"><direct-mapping><src-attribute>State</src-attribute></direct-mapping></import-flow></import-flows><import-flows mv-attribute="company" type="ranked"><import-flow src-ma="{3126363E-CD92-4CD3-A05A-ABC342CDEB6D}" cd-object-type="person" id="{DD778EEE-C3BD-425C-8A22-88D69D54900E}"><sync-rule-mapping mapping-type="constant" sync-rule-id="{76D29E94-61F8-E111-8BF8-00155DDCA745}" sync-rule-mapping-id="{C15E2AA3-1EE3-4428-9369-0AF7DAC6CCFE}" initial-flow-only="false" is-existence-test="false"><sync-rule-value>Contoso</sync-rule-value></sync-rule-mapping></import-flow></import-flows><import-flows mv-attribute="officePhone" type="ranked"><import-flow src-ma="{3126363E-CD92-4CD3-A05A-ABC342CDEB6D}" cd-object-type="person" id="{39B96957-EE32-404F-9872-9BD72CAFF1D4}"><sync-rule-mapping mapping-type="direct" sync-rule-id="{76D29E94-61F8-E111-8BF8-00155DDCA745}" sync-rule-mapping-id="{97E3379F-68DF-42DD-B47F-8247BE9BF6F4}" initial-flow-only="false" is-existence-test="false"><src-attribute>OfficePhone</src-attribute></sync-rule-mapping></import-flow><import-flow src-ma="{B26849CC-16CD-4DDA-9D06-72A342B8060E}" cd-object-type="Person" id="{0D2149C3-0EC0-4570-B012-66A625CC2635}"><direct-mapping><src-attribute>OfficePhone</src-attribute></direct-mapping></import-flow></import-flows><import-flows mv-attribute="description" type="ranked"><import-flow src-ma="{B26849CC-16CD-4DDA-9D06-72A342B8060E}" cd-object-type="Person" id="{50DA740B-9D4E-4349-9F9F-E9AA89AAA844}"><direct-mapping><src-attribute>Description</src-attribute></direct-mapping></import-flow></import-flows><import-flows mv-attribute="mailNickname" type="ranked"><import-flow src-ma="{B26849CC-16CD-4DDA-9D06-72A342B8060E}" cd-object-type="Person" id="{BD3E7171-DFFC-4C8F-9FB8-94BD5664A453}"><direct-mapping><src-attribute>AccountName</src-attribute></direct-mapping></import-flow></import-flows><import-flows mv-attribute="middleName" type="ranked"><import-flow src-ma="{3126363E-CD92-4CD3-A05A-ABC342CDEB6D}" cd-object-type="person" id="{1ED1B212-0DEE-4EEB-80C7-50B32F8059BE}"><sync-rule-mapping mapping-type="direct" sync-rule-id="{76D29E94-61F8-E111-8BF8-00155DDCA745}" sync-rule-mapping-id="{44B7D6ED-DCE6-4274-8436-E6F276E380C4}" initial-flow-only="false" is-existence-test="false"><src-attribute>MiddleName</src-attribute></sync-rule-mapping></import-flow><import-flow src-ma="{B26849CC-16CD-4DDA-9D06-72A342B8060E}" cd-object-type="Person" id="{EE804F74-93C6-464A-80FC-F7364C781F38}"><direct-mapping><src-attribute>MiddleName</src-attribute></direct-mapping></import-flow></import-flows><import-flows mv-attribute="photo" type="ranked"><import-flow src-ma="{B26849CC-16CD-4DDA-9D06-72A342B8060E}" cd-object-type="Person" id="{62EE11DB-6D2A-45F6-930C-B15FDB943C44}"><direct-mapping><src-attribute>Photo</src-attribute></direct-mapping></import-flow></import-flows></import-flow-set><import-flow-set mv-object-type="group"><import-flows mv-attribute="scope" type="ranked"><import-flow src-ma="{B26849CC-16CD-4DDA-9D06-72A342B8060E}" cd-object-type="Group" id="{9649D494-9567-456C-846D-F9AD3CAE0F4C}"><direct-mapping><src-attribute>Scope</src-attribute></direct-mapping></import-flow></import-flows><import-flows mv-attribute="type" type="ranked"><import-flow src-ma="{B26849CC-16CD-4DDA-9D06-72A342B8060E}" cd-object-type="Group" id="{D8167193-42CE-41A7-8262-36F5D8C10D63}"><direct-mapping><src-attribute>Type</src-attribute></direct-mapping></import-flow></import-flows><import-flows mv-attribute="mailNickname" type="ranked"><import-flow src-ma="{B26849CC-16CD-4DDA-9D06-72A342B8060E}" cd-object-type="Group" id="{E5F5AB8D-1E72-460A-97E8-2060A164B937}"><direct-mapping><src-attribute>MailNickname</src-attribute></direct-mapping></import-flow><import-flow src-ma="{A888E33C-C78A-4A39-B24F-C4599C9C2FE7}" cd-object-type="group" id="{F5060624-19A7-417C-8E6E-046E059C1BC7}"><sync-rule-mapping mapping-type="direct" sync-rule-id="{7DF8182E-0402-E211-AD77-00155DDCA743}" sync-rule-mapping-id="{D8340C4D-AE6D-4FC7-AE7B-ED9187852F7C}" initial-flow-only="false" is-existence-test="false"><src-attribute>mailNickname</src-attribute></sync-rule-mapping></import-flow></import-flows><import-flows mv-attribute="mail" type="ranked"><import-flow src-ma="{A888E33C-C78A-4A39-B24F-C4599C9C2FE7}" cd-object-type="group" id="{D5299544-1672-453F-BD09-2B27769A22EC}"><sync-rule-mapping mapping-type="direct" sync-rule-id="{7DF8182E-0402-E211-AD77-00155DDCA743}" sync-rule-mapping-id="{586C3D34-C72D-454C-A5C8-A6A2C1F1C7B0}" initial-flow-only="false" is-existence-test="false"><src-attribute>mail</src-attribute></sync-rule-mapping></import-flow></import-flows><import-flows mv-attribute="displayName" type="ranked"><import-flow src-ma="{B26849CC-16CD-4DDA-9D06-72A342B8060E}" cd-object-type="Group" id="{F6BE6CC3-AF5B-4760-A2D0-173862C24916}"><direct-mapping><src-attribute>DisplayName</src-attribute></direct-mapping></import-flow></import-flows><import-flows mv-attribute="accountName" type="ranked"><import-flow src-ma="{B26849CC-16CD-4DDA-9D06-72A342B8060E}" cd-object-type="Group" id="{567A1F42-1ECA-4828-91C1-92957ECFDD5B}"><direct-mapping><src-attribute>AccountName</src-attribute></direct-mapping></import-flow></import-flows><import-flows mv-attribute="member" type="equal"><import-flow src-ma="{B26849CC-16CD-4DDA-9D06-72A342B8060E}" cd-object-type="Group" id="{6632143D-8EB5-4F36-AC79-604371D504A9}"><direct-mapping><src-attribute>Member</src-attribute></direct-mapping></import-flow><import-flow src-ma="{3D31F21B-C7DD-48AA-8B27-CEAFCDB8C440}" cd-object-type="group" id="{F45A048D-DEE4-44AC-B57B-D84CAAD80E0A}"><direct-mapping><src-attribute>member</src-attribute></direct-mapping></import-flow></import-flows><import-flows mv-attribute="expectedRulesList" type="ranked"><import-flow src-ma="{B26849CC-16CD-4DDA-9D06-72A342B8060E}" cd-object-type="Group" id="{8110ACC8-96C7-40C6-9B44-C300419019DA}"><direct-mapping><src-attribute>ExpectedRulesList</src-attribute></direct-mapping></import-flow></import-flows><import-flows mv-attribute="csObjectID" type="ranked"><import-flow src-ma="{B26849CC-16CD-4DDA-9D06-72A342B8060E}" cd-object-type="Group" id="{43158267-F86D-4C6D-B0B9-FB54E11F6B75}"><direct-mapping><src-attribute intrinsic="true">dn</src-attribute></direct-mapping></import-flow></import-flows><import-flows mv-attribute="description" type="ranked"><import-flow src-ma="{B26849CC-16CD-4DDA-9D06-72A342B8060E}" cd-object-type="Group" id="{FAF05DE4-2FC8-4AC8-9907-64CE8C42A406}"><direct-mapping><src-attribute>Description</src-attribute></direct-mapping></import-flow></import-flows></import-flow-set><import-flow-set mv-object-type="detectedRuleEntry"><import-flows mv-attribute="csObjectID" type="ranked"><import-flow src-ma="{B26849CC-16CD-4DDA-9D06-72A342B8060E}" cd-object-type="DetectedRuleEntry" id="{6A99683E-AA3F-4DEE-9963-5D0407C14472}"><direct-mapping><src-attribute intrinsic="true">dn</src-attribute></direct-mapping></import-flow></import-flows></import-flow-set><import-flow-set mv-object-type="synchronizationRule"><import-flows mv-attribute="msidmOutboundScopingFilters" type="ranked"><import-flow src-ma="{B26849CC-16CD-4DDA-9D06-72A342B8060E}" cd-object-type="SynchronizationRule" id="{A9CD5385-C132-4A05-94CE-273FCA855277}"><direct-mapping><src-attribute>msidmOutboundScopingFilters</src-attribute></direct-mapping></import-flow></import-flows><import-flows mv-attribute="msidmOutboundIsFilterBased" type="ranked"><import-flow src-ma="{B26849CC-16CD-4DDA-9D06-72A342B8060E}" cd-object-type="SynchronizationRule" id="{0B14EDF7-CFAE-4D29-8CA4-2CB949BC021F}"><direct-mapping><src-attribute>msidmOutboundIsFilterBased</src-attribute></direct-mapping></import-flow></import-flows><import-flows mv-attribute="synchronizationRuleParameters" type="ranked"><import-flow src-ma="{B26849CC-16CD-4DDA-9D06-72A342B8060E}" cd-object-type="SynchronizationRule" id="{C22F63EE-87CD-4196-A953-58813F710C60}"><direct-mapping><src-attribute>SynchronizationRuleParameters</src-attribute></direct-mapping></import-flow></import-flows><import-flows mv-attribute="relationshipCriteria" type="ranked"><import-flow src-ma="{B26849CC-16CD-4DDA-9D06-72A342B8060E}" cd-object-type="SynchronizationRule" id="{845D5F9E-0651-434A-BFB8-C942C6BCFEC4}"><direct-mapping><src-attribute>RelationshipCriteria</src-attribute></direct-mapping></import-flow></import-flows><import-flows mv-attribute="precedence" type="ranked"><import-flow src-ma="{B26849CC-16CD-4DDA-9D06-72A342B8060E}" cd-object-type="SynchronizationRule" id="{0A4625F2-5F44-40F6-A984-DEC970AC9BE7}"><direct-mapping><src-attribute>Precedence</src-attribute></direct-mapping></import-flow></import-flows><import-flows mv-attribute="persistentFlow" type="ranked"><import-flow src-ma="{B26849CC-16CD-4DDA-9D06-72A342B8060E}" cd-object-type="SynchronizationRule" id="{5083F40F-5B25-43A7-9264-50E24F750A53}"><direct-mapping><src-attribute>PersistentFlow</src-attribute></direct-mapping></import-flow></import-flows><import-flows mv-attribute="initialFlow" type="ranked"><import-flow src-ma="{B26849CC-16CD-4DDA-9D06-72A342B8060E}" cd-object-type="SynchronizationRule" id="{CAC962A0-77D0-4A58-81F2-D0A3DB8DA94F}"><direct-mapping><src-attribute>InitialFlow</src-attribute></direct-mapping></import-flow></import-flows><import-flows mv-attribute="ilmObjectType" type="ranked"><import-flow src-ma="{B26849CC-16CD-4DDA-9D06-72A342B8060E}" cd-object-type="SynchronizationRule" id="{748989FF-85C4-403A-A857-0D076633052B}"><direct-mapping><src-attribute>ILMObjectType</src-attribute></direct-mapping></import-flow></import-flows><import-flows mv-attribute="flowType" type="ranked"><import-flow src-ma="{B26849CC-16CD-4DDA-9D06-72A342B8060E}" cd-object-type="SynchronizationRule" id="{6BFD639E-1EA4-460B-9C2B-D32C104C919F}"><direct-mapping><src-attribute>FlowType</src-attribute></direct-mapping></import-flow></import-flows><import-flows mv-attribute="existenceTest" type="ranked"><import-flow src-ma="{B26849CC-16CD-4DDA-9D06-72A342B8060E}" cd-object-type="SynchronizationRule" id="{9A87D6A7-0E22-4600-958F-C03A1DA2E39F}"><direct-mapping><src-attribute>ExistenceTest</src-attribute></direct-mapping></import-flow></import-flows><import-flows mv-attribute="displayName" type="ranked"><import-flow src-ma="{B26849CC-16CD-4DDA-9D06-72A342B8060E}" cd-object-type="SynchronizationRule" id="{2D247378-13E7-4812-A070-5ABE11EA6087}"><direct-mapping><src-attribute>DisplayName</src-attribute></direct-mapping></import-flow></import-flows><import-flows mv-attribute="disconnectConnectedSystemObject" type="ranked"><import-flow src-ma="{B26849CC-16CD-4DDA-9D06-72A342B8060E}" cd-object-type="SynchronizationRule" id="{B7768D29-C803-406F-AC56-C464CF467043}"><direct-mapping><src-attribute>DisconnectConnectedSystemObject</src-attribute></direct-mapping></import-flow></import-flows><import-flows mv-attribute="dependency" type="ranked"><import-flow src-ma="{B26849CC-16CD-4DDA-9D06-72A342B8060E}" cd-object-type="SynchronizationRule" id="{0D20135C-9053-483F-9FEF-B5E0DA69FA0E}"><direct-mapping><src-attribute>Dependency</src-attribute></direct-mapping></import-flow></import-flows><import-flows mv-attribute="createILMObject" type="ranked"><import-flow src-ma="{B26849CC-16CD-4DDA-9D06-72A342B8060E}" cd-object-type="SynchronizationRule" id="{99C1DB77-4419-46B5-B459-ECFDE4BD6C68}"><direct-mapping><src-attribute>CreateILMObject</src-attribute></direct-mapping></import-flow></import-flows><import-flows mv-attribute="createConnectedSystemObject" type="ranked"><import-flow src-ma="{B26849CC-16CD-4DDA-9D06-72A342B8060E}" cd-object-type="SynchronizationRule" id="{CB1A11BC-CED4-4A0C-A714-E5D312700B9E}"><direct-mapping><src-attribute>CreateConnectedSystemObject</src-attribute></direct-mapping></import-flow></import-flows><import-flows mv-attribute="connectedSystemScope" type="ranked"><import-flow src-ma="{B26849CC-16CD-4DDA-9D06-72A342B8060E}" cd-object-type="SynchronizationRule" id="{F6098CB5-32E8-4A2E-923C-B1434EB0F3DC}"><direct-mapping><src-attribute>ConnectedSystemScope</src-attribute></direct-mapping></import-flow></import-flows><import-flows mv-attribute="connectedSystem" type="ranked"><import-flow src-ma="{B26849CC-16CD-4DDA-9D06-72A342B8060E}" cd-object-type="SynchronizationRule" id="{2896649E-D3C4-4DFD-A248-BEB212B26DC0}"><direct-mapping><src-attribute>ConnectedSystem</src-attribute></direct-mapping></import-flow></import-flows><import-flows mv-attribute="connectedObjectType" type="ranked"><import-flow src-ma="{B26849CC-16CD-4DDA-9D06-72A342B8060E}" cd-object-type="SynchronizationRule" id="{93B4F095-87BF-4CAF-B430-99DC847D59BF}"><direct-mapping><src-attribute>ConnectedObjectType</src-attribute></direct-mapping></import-flow></import-flows></import-flow-set><import-flow-set mv-object-type="expectedRuleEntry"><import-flows mv-attribute="displayName" type="ranked"><import-flow src-ma="{B26849CC-16CD-4DDA-9D06-72A342B8060E}" cd-object-type="ExpectedRuleEntry" id="{472F3679-4E8C-4612-95D7-89112C9BD71E}"><direct-mapping><src-attribute>DisplayName</src-attribute></direct-mapping></import-flow></import-flows><import-flows mv-attribute="synchronizationRuleID" type="ranked"><import-flow src-ma="{B26849CC-16CD-4DDA-9D06-72A342B8060E}" cd-object-type="ExpectedRuleEntry" id="{20CECA21-7F01-4710-B638-3FEAF9F8BE8A}"><direct-mapping><src-attribute>SynchronizationRuleID</src-attribute></direct-mapping></import-flow></import-flows><import-flows mv-attribute="synchronizationRuleData" type="ranked"><import-flow src-ma="{B26849CC-16CD-4DDA-9D06-72A342B8060E}" cd-object-type="ExpectedRuleEntry" id="{2F0E9C8D-664E-432B-B6FF-5401EF66149F}"><direct-mapping><src-attribute>SynchronizationRuleData</src-attribute></direct-mapping></import-flow></import-flows><import-flows mv-attribute="expectedRuleEntryAction" type="ranked"><import-flow src-ma="{B26849CC-16CD-4DDA-9D06-72A342B8060E}" cd-object-type="ExpectedRuleEntry" id="{4DA6DA45-3DCE-4D78-B8AF-17AEF0786E52}"><direct-mapping><src-attribute>ExpectedRuleEntryAction</src-attribute></direct-mapping></import-flow></import-flows><import-flows mv-attribute="createdTime" type="ranked"><import-flow src-ma="{B26849CC-16CD-4DDA-9D06-72A342B8060E}" cd-object-type="ExpectedRuleEntry" id="{3946A700-0CB3-4661-A850-82942257EDCD}"><direct-mapping><src-attribute>CreatedTime</src-attribute></direct-mapping></import-flow></import-flows></import-flow-set><per-ma-options><ma-options ma-id="{B26849CC-16CD-4DDA-9D06-72A342B8060E}"><enable-recall>true</enable-recall></ma-options><ma-options ma-id="{A888E33C-C78A-4A39-B24F-C4599C9C2FE7}"><enable-recall>true</enable-recall></ma-options><ma-options ma-id="{3D31F21B-C7DD-48AA-8B27-CEAFCDB8C440}"><enable-recall>true</enable-recall></ma-options><ma-options ma-id="{0C3357F1-FAD7-4E1E-88E2-A9CFCFE67491}"><enable-recall>true</enable-recall></ma-options><ma-options ma-id="{E7B86813-5E5C-4702-AA02-54458F00A83C}"><enable-recall>true</enable-recall></ma-options><ma-options ma-id="{39D3FCED-BA37-4EF8-9923-35A511C4901A}"><enable-recall>true</enable-recall></ma-options><ma-options ma-id="{3126363E-CD92-4CD3-A05A-ABC342CDEB6D}"><enable-recall>true</enable-recall></ma-options><ma-options ma-id="{18160047-5056-41CB-8D2B-9EC4380DFF2E}"><enable-recall>true</enable-recall></ma-options></per-ma-options></import-attribute-flow>
 <provisioning type="both" />
 <mv-deletion><mv-deletion-rule mv-object-type="organization" id="{37D54A11-051E-46A5-9FCA-CA5C06F7FE20}" type="declared-any"><src-ma>{0C3357F1-FAD7-4E1E-88E2-A9CFCFE67491}</src-ma></mv-deletion-rule><mv-deletion-rule mv-object-type="group" id="{998206A6-8360-49F1-AADA-CDE6EF02B780}" type="declared-any"><src-ma>{B26849CC-16CD-4DDA-9D06-72A342B8060E}</src-ma></mv-deletion-rule><mv-deletion-rule mv-object-type="person" id="{6CEFC059-17C0-42A1-BFB8-B110C5528549}" type="declared-any"><src-ma>{3126363E-CD92-4CD3-A05A-ABC342CDEB6D}</src-ma><src-ma>{B26849CC-16CD-4DDA-9D06-72A342B8060E}</src-ma></mv-deletion-rule><mv-deletion-rule mv-object-type="printer" id="{8B1151FD-83A7-4511-8208-E998DAB4C212}" type="scripted" /></mv-deletion>
 <extension><assembly-name>MVExtension.dll</assembly-name><application-protection>low</application-protection></extension>
 <password-change-history-size>24</password-change-history-size>
 <password-sync><password-sync-enabled>1</password-sync-enabled></password-sync>
</mv-data>

</saved-mv-configuration>
